,Time,GHI,POA,ambient_temp,module_temp
0,2023-06-18 00:00:00,0.0,0.0,66.325,72.424
1,2023-06-18 00:01:00,0.0,0.0,66.293,72.384
2,2023-06-18 00:02:00,0.0,0.0,66.258,72.35
3,2023-06-18 00:03:00,0.0,0.0,66.155,72.254
4,2023-06-18 00:04:00,0.0,0.0,66.064,72.165
5,2023-06-18 00:05:00,0.0,0.0,66.009,72.098
6,2023-06-18 00:06:00,0.0,0.0,65.957,72.039
7,2023-06-18 00:07:00,0.0,0.0,65.896,72.004
8,2023-06-18 00:08:00,0.0,0.0,65.811,72.006
9,2023-06-18 00:09:00,0.0,0.0,65.793,72.215
10,2023-06-18 00:10:00,0.0,0.0,65.734,72.53
11,2023-06-18 00:11:00,0.0,0.0,65.566,72.855
12,2023-06-18 00:12:00,0.0,0.0,65.521,72.879
13,2023-06-18 00:13:00,0.0,0.0,65.482,72.86
14,2023-06-18 00:14:00,0.0,0.0,65.432,72.795
15,2023-06-18 00:15:00,0.0,0.0,65.449,72.872
16,2023-06-18 00:16:00,0.0,0.0,65.436,73.015
17,2023-06-18 00:17:00,0.0,0.0,65.444,73.297
18,2023-06-18 00:18:00,0.0,0.0,65.444,73.297
19,2023-06-18 00:19:00,0.0,0.0,65.794,73.804
20,2023-06-18 00:20:00,0.0,0.0,65.921,73.865
21,2023-06-18 00:21:00,0.0,0.0,65.976,73.912
22,2023-06-18 00:22:00,0.0,0.0,65.946,73.914
23,2023-06-18 00:23:00,0.0,0.0,66.048,73.928
24,2023-06-18 00:24:00,0.0,0.0,66.082,73.843
25,2023-06-18 00:25:00,0.0,0.0,66.007,73.799
26,2023-06-18 00:26:00,0.0,0.0,66.127,73.802
27,2023-06-18 00:27:00,0.0,0.0,66.186,73.724
28,2023-06-18 00:28:00,0.0,0.0,66.211,73.694
29,2023-06-18 00:29:00,0.0,0.0,66.084,73.705
30,2023-06-18 00:30:00,0.0,0.0,65.981,73.625
31,2023-06-18 00:31:00,0.0,0.0,65.967,73.532
32,2023-06-18 00:32:00,0.0,0.0,66.003,73.489
33,2023-06-18 00:33:00,0.0,0.0,65.979,73.503
34,2023-06-18 00:34:00,0.0,0.0,65.996,73.466
35,2023-06-18 00:35:00,0.0,0.0,65.837,73.445
36,2023-06-18 00:36:00,0.0,0.0,65.776,73.425
37,2023-06-18 00:37:00,0.0,0.0,65.673,73.411
38,2023-06-18 00:38:00,0.0,0.0,65.673,73.411
39,2023-06-18 00:39:00,0.0,0.0,65.553,73.272
40,2023-06-18 00:40:00,0.0,0.0,65.524,73.28
41,2023-06-18 00:41:00,0.0,0.0,65.503,73.228
42,2023-06-18 00:42:00,0.0,0.0,65.505,73.206
43,2023-06-18 00:43:00,0.0,0.0,65.53,73.225
44,2023-06-18 00:44:00,0.0,0.0,65.42,73.321
45,2023-06-18 00:45:00,0.0,0.0,65.403,73.475
46,2023-06-18 00:46:00,0.0,0.0,65.399,73.545
47,2023-06-18 00:47:00,0.0,0.0,65.556,73.699
48,2023-06-18 00:48:00,0.0,0.0,65.573,73.731
49,2023-06-18 00:49:00,0.0,0.0,65.551,73.806
50,2023-06-18 00:50:00,0.0,0.0,65.698,73.807
51,2023-06-18 00:51:00,0.0,0.0,65.706,73.638
52,2023-06-18 00:52:00,0.0,0.0,65.77,73.607
53,2023-06-18 00:53:00,0.0,0.0,65.8,73.591
54,2023-06-18 00:54:00,0.0,0.0,65.834,73.515
55,2023-06-18 00:55:00,0.0,0.0,65.82,73.501
56,2023-06-18 00:56:00,0.0,0.0,65.859,73.514
57,2023-06-18 00:57:00,0.0,0.0,65.859,73.514
58,2023-06-18 00:58:00,0.0,0.0,66.068,73.499
59,2023-06-18 00:59:00,0.0,0.0,66.15,73.535
60,2023-06-18 01:00:00,0.0,0.0,66.202,73.616
61,2023-06-18 01:01:00,0.0,0.0,66.204,73.627
62,2023-06-18 01:02:00,0.0,0.0,66.174,73.668
63,2023-06-18 01:03:00,0.0,0.0,66.297,73.709
64,2023-06-18 01:04:00,0.0,0.0,66.334,73.662
65,2023-06-18 01:05:00,0.0,0.0,66.297,73.543
66,2023-06-18 01:06:00,0.0,0.0,66.315,73.452
67,2023-06-18 01:07:00,0.0,0.0,66.443,73.408
68,2023-06-18 01:08:00,0.0,0.0,66.499,73.354
69,2023-06-18 01:09:00,0.0,0.0,66.468,73.332
70,2023-06-18 01:10:00,0.0,0.0,66.45,73.206
71,2023-06-18 01:11:00,0.0,0.0,66.337,73.123
72,2023-06-18 01:12:00,0.0,0.0,66.332,73.151
73,2023-06-18 01:13:00,0.0,0.0,66.348,73.148
74,2023-06-18 01:14:00,0.0,0.0,66.381,73.075
75,2023-06-18 01:15:00,0.0,0.0,66.342,73.015
76,2023-06-18 01:16:00,0.0,0.0,66.342,73.015
77,2023-06-18 01:17:00,0.0,0.0,66.361,73.019
78,2023-06-18 01:18:00,0.0,0.0,66.154,73.013
79,2023-06-18 01:19:00,0.0,0.0,66.002,73.046
80,2023-06-18 01:20:00,0.0,0.0,65.98,73.078
81,2023-06-18 01:21:00,0.0,0.0,66.016,73.118
82,2023-06-18 01:22:00,0.0,0.0,65.995,73.204
83,2023-06-18 01:23:00,0.0,0.0,65.926,73.295
84,2023-06-18 01:24:00,0.0,0.0,65.95,73.147
85,2023-06-18 01:25:00,0.0,0.0,65.934,73.069
86,2023-06-18 01:26:00,0.0,0.0,66.053,73.007
87,2023-06-18 01:27:00,0.0,0.0,66.118,72.97
88,2023-06-18 01:28:00,0.0,0.0,66.131,72.934
89,2023-06-18 01:29:00,0.0,0.0,66.175,72.86
90,2023-06-18 01:30:00,0.0,0.0,66.336,72.926
91,2023-06-18 01:31:00,0.0,0.0,66.403,73.033
92,2023-06-18 01:32:00,0.0,0.0,66.402,73.048
93,2023-06-18 01:33:00,0.0,0.0,66.372,73.034
94,2023-06-18 01:34:00,0.0,0.0,66.372,73.034
95,2023-06-18 01:35:00,0.0,0.0,66.318,73.019
96,2023-06-18 01:36:00,0.0,0.0,66.238,72.945
97,2023-06-18 01:37:00,0.0,0.0,66.095,72.84
98,2023-06-18 01:38:00,0.0,0.0,66.093,72.753
99,2023-06-18 01:39:00,0.0,0.0,66.021,72.652
100,2023-06-18 01:40:00,0.0,0.0,66.005,72.601
101,2023-06-18 01:41:00,0.0,0.0,65.966,72.526
102,2023-06-18 01:42:00,0.0,0.0,65.963,72.531
103,2023-06-18 01:43:00,0.0,0.0,65.948,72.568
104,2023-06-18 01:44:00,0.0,0.0,65.873,72.507
105,2023-06-18 01:45:00,0.0,0.0,65.89,72.538
106,2023-06-18 01:46:00,0.0,0.0,65.812,72.501
107,2023-06-18 01:47:00,0.0,0.0,65.714,72.517
108,2023-06-18 01:48:00,0.0,0.0,65.687,72.596
109,2023-06-18 01:49:00,0.0,0.0,65.648,72.644
110,2023-06-18 01:50:00,0.0,0.0,65.529,72.571
111,2023-06-18 01:51:00,0.0,0.0,65.469,72.62
112,2023-06-18 01:52:00,0.0,0.0,65.498,72.599
113,2023-06-18 01:53:00,0.0,0.0,65.498,72.599
114,2023-06-18 01:54:00,0.0,0.0,65.5,72.46
115,2023-06-18 01:55:00,0.0,0.0,65.533,72.371
116,2023-06-18 01:56:00,0.0,0.0,65.688,72.326
117,2023-06-18 01:57:00,0.0,0.0,65.828,72.251
118,2023-06-18 01:58:00,0.0,0.0,65.876,72.172
119,2023-06-18 01:59:00,0.0,0.0,65.804,72.1
120,2023-06-18 02:00:00,0.0,0.0,65.798,71.958
121,2023-06-18 02:01:00,0.0,0.0,65.79,71.969
122,2023-06-18 02:02:00,0.0,0.0,65.75,71.963
123,2023-06-18 02:03:00,0.0,0.0,65.733,71.903
124,2023-06-18 02:04:00,0.0,0.0,65.657,71.807
125,2023-06-18 02:05:00,0.0,0.0,65.674,71.658
126,2023-06-18 02:06:00,0.0,0.0,65.646,71.524
127,2023-06-18 02:07:00,0.0,0.0,65.597,71.439
128,2023-06-18 02:08:00,0.0,0.0,65.651,71.266
129,2023-06-18 02:09:00,0.0,0.0,65.722,71.204
130,2023-06-18 02:10:00,0.0,0.0,65.743,71.236
131,2023-06-18 02:11:00,0.0,0.0,65.743,71.236
132,2023-06-18 02:12:00,0.0,0.0,65.798,71.286
133,2023-06-18 02:13:00,0.0,0.0,65.777,71.273
134,2023-06-18 02:14:00,0.0,0.0,65.744,71.252
135,2023-06-18 02:15:00,0.0,0.0,65.743,71.242
136,2023-06-18 02:16:00,0.0,0.0,65.73,71.236
137,2023-06-18 02:17:00,0.0,0.0,65.714,71.275
138,2023-06-18 02:18:00,0.0,0.0,65.772,71.278
139,2023-06-18 02:19:00,0.0,0.0,65.7,71.375
140,2023-06-18 02:20:00,0.0,0.0,65.688,71.381
141,2023-06-18 02:21:00,0.0,0.0,65.674,71.325
142,2023-06-18 02:22:00,0.0,0.0,65.561,71.262
143,2023-06-18 02:23:00,0.0,0.0,65.604,71.23
144,2023-06-18 02:24:00,0.0,0.0,65.548,71.302
145,2023-06-18 02:25:00,0.0,0.0,65.446,71.493
146,2023-06-18 02:26:00,0.0,0.0,65.41,71.63
147,2023-06-18 02:27:00,0.0,0.0,65.209,71.684
148,2023-06-18 02:28:00,0.0,0.0,65.022,71.658
149,2023-06-18 02:29:00,0.0,0.0,65.022,71.658
150,2023-06-18 02:30:00,0.0,0.0,64.98,71.613
151,2023-06-18 02:31:00,0.0,0.0,64.888,71.565
152,2023-06-18 02:32:00,0.0,0.0,64.898,71.5
153,2023-06-18 02:33:00,0.0,0.0,64.846,71.482
154,2023-06-18 02:34:00,0.0,0.0,64.811,71.554
155,2023-06-18 02:35:00,0.0,0.0,64.836,71.617
156,2023-06-18 02:36:00,0.0,0.0,64.914,71.517
157,2023-06-18 02:37:00,0.0,0.0,64.88,71.232
158,2023-06-18 02:38:00,0.0,0.0,64.736,71.14
159,2023-06-18 02:39:00,0.0,0.0,64.803,71.054
160,2023-06-18 02:40:00,0.0,0.0,64.841,71.014
161,2023-06-18 02:41:00,0.0,0.0,64.724,70.963
162,2023-06-18 02:42:00,0.0,0.0,64.653,70.755
163,2023-06-18 02:43:00,0.0,0.0,64.607,70.645
164,2023-06-18 02:44:00,0.0,0.0,64.672,70.539
165,2023-06-18 02:45:00,0.0,0.0,64.775,70.591
166,2023-06-18 02:46:00,0.0,0.0,64.81,70.613
167,2023-06-18 02:47:00,0.0,0.0,64.81,70.601
168,2023-06-18 02:48:00,0.0,0.0,64.81,70.601
169,2023-06-18 02:49:00,0.0,0.0,64.974,70.602
170,2023-06-18 02:50:00,0.0,0.0,65.022,70.537
171,2023-06-18 02:51:00,0.0,0.0,65.125,70.485
172,2023-06-18 02:52:00,0.0,0.0,65.211,70.419
173,2023-06-18 02:53:00,0.0,0.0,65.248,70.32
174,2023-06-18 02:54:00,0.0,0.0,65.249,70.285
175,2023-06-18 02:55:00,0.0,0.0,65.249,70.26
176,2023-06-18 02:56:00,0.0,0.0,65.259,70.271
177,2023-06-18 02:57:00,0.0,0.0,65.308,70.331
178,2023-06-18 02:58:00,0.0,0.0,65.36,70.383
179,2023-06-18 02:59:00,0.0,0.0,65.384,70.365
180,2023-06-18 03:00:00,0.0,0.0,65.231,70.371
181,2023-06-18 03:01:00,0.0,0.0,65.184,70.474
182,2023-06-18 03:02:00,0.0,0.0,65.072,70.545
183,2023-06-18 03:03:00,0.0,0.0,65.102,70.466
184,2023-06-18 03:04:00,0.0,0.0,64.949,70.427
185,2023-06-18 03:05:00,0.0,0.0,64.829,70.342
186,2023-06-18 03:06:00,0.0,0.0,64.81,70.333
187,2023-06-18 03:07:00,0.0,0.0,64.81,70.323
188,2023-06-18 03:08:00,0.0,0.0,64.81,70.323
189,2023-06-18 03:09:00,0.0,0.0,64.73,70.3
190,2023-06-18 03:10:00,0.0,0.0,64.786,70.238
191,2023-06-18 03:11:00,0.0,0.0,64.898,70.269
192,2023-06-18 03:12:00,0.0,0.0,64.882,70.25
193,2023-06-18 03:13:00,0.0,0.0,64.973,70.151
194,2023-06-18 03:14:00,0.0,0.0,65.115,70.129
195,2023-06-18 03:15:00,0.0,0.0,65.098,70.141
196,2023-06-18 03:16:00,0.0,0.0,65.14,70.077
197,2023-06-18 03:17:00,0.0,0.0,65.181,69.972
198,2023-06-18 03:18:00,0.0,0.0,65.134,69.97
199,2023-06-18 03:19:00,0.0,0.0,65.009,69.896
200,2023-06-18 03:20:00,0.0,0.0,65.014,69.824
201,2023-06-18 03:21:00,0.0,0.0,64.987,69.738
202,2023-06-18 03:22:00,0.0,0.0,64.9,69.709
203,2023-06-18 03:23:00,0.0,0.0,64.899,69.709
204,2023-06-18 03:24:00,0.0,0.0,64.854,69.649
205,2023-06-18 03:25:00,0.0,0.0,64.78,69.607
206,2023-06-18 03:26:00,0.0,0.0,64.78,69.607
207,2023-06-18 03:27:00,0.0,0.0,64.749,69.473
208,2023-06-18 03:28:00,0.0,0.0,64.809,69.463
209,2023-06-18 03:29:00,0.0,0.0,64.849,69.454
210,2023-06-18 03:30:00,0.0,0.0,64.9,69.347
211,2023-06-18 03:31:00,0.0,0.0,64.881,69.329
212,2023-06-18 03:32:00,0.0,0.0,64.89,69.38
213,2023-06-18 03:33:00,0.0,0.0,64.815,69.365
214,2023-06-18 03:34:00,0.0,0.0,64.791,69.459
215,2023-06-18 03:35:00,0.0,0.0,64.689,69.442
216,2023-06-18 03:36:00,0.0,0.0,64.557,69.291
217,2023-06-18 03:37:00,0.0,0.0,64.526,69.25
218,2023-06-18 03:38:00,0.0,0.0,64.453,69.121
219,2023-06-18 03:39:00,0.0,0.0,64.511,69.012
220,2023-06-18 03:40:00,0.0,0.0,64.573,68.94
221,2023-06-18 03:41:00,0.0,0.0,64.554,68.921
222,2023-06-18 03:42:00,0.0,0.0,64.605,68.921
223,2023-06-18 03:43:00,0.0,0.0,64.645,68.881
224,2023-06-18 03:44:00,0.0,0.0,64.645,68.881
225,2023-06-18 03:45:00,0.0,0.0,64.784,68.631
226,2023-06-18 03:46:00,0.0,0.0,64.665,68.571
227,2023-06-18 03:47:00,0.0,0.0,64.576,68.498
228,2023-06-18 03:48:00,0.0,0.0,64.609,68.455
229,2023-06-18 03:49:00,0.0,0.0,64.538,68.373
230,2023-06-18 03:50:00,0.0,0.0,64.498,68.276
231,2023-06-18 03:51:00,0.0,0.0,64.381,68.257
232,2023-06-18 03:52:00,0.0,0.0,64.326,68.191
233,2023-06-18 03:53:00,0.0,0.0,64.112,68.131
234,2023-06-18 03:54:00,0.0,0.0,63.983,68.268
235,2023-06-18 03:55:00,0.0,0.0,63.852,68.434
236,2023-06-18 03:56:00,0.0,0.0,63.855,68.393
237,2023-06-18 03:57:00,0.0,0.0,63.745,68.379
238,2023-06-18 03:58:00,0.0,0.0,63.629,68.476
239,2023-06-18 03:59:00,0.0,0.0,63.563,68.581
240,2023-06-18 04:00:00,0.0,0.0,63.563,68.581
241,2023-06-18 04:01:00,0.0,0.0,63.572,68.641
242,2023-06-18 04:02:00,0.0,0.0,63.783,68.616
243,2023-06-18 04:03:00,0.0,0.0,63.954,68.587
244,2023-06-18 04:04:00,0.0,0.0,64.033,68.602
245,2023-06-18 04:05:00,0.0,0.0,64.154,68.563
246,2023-06-18 04:06:00,0.0,0.0,64.094,68.522
247,2023-06-18 04:07:00,0.0,0.0,64.006,68.574
248,2023-06-18 04:08:00,0.0,0.0,63.985,68.573
249,2023-06-18 04:09:00,0.0,0.0,63.985,68.573
250,2023-06-18 04:10:00,0.0,0.0,63.766,68.786
251,2023-06-18 04:11:00,0.0,0.0,63.743,68.721
252,2023-06-18 04:12:00,0.0,0.0,63.691,68.656
253,2023-06-18 04:13:00,0.0,0.0,63.657,68.625
254,2023-06-18 04:14:00,0.0,0.0,63.656,68.617
255,2023-06-18 04:15:00,0.0,0.0,63.629,68.531
256,2023-06-18 04:16:00,0.0,0.0,63.564,68.443
257,2023-06-18 04:17:00,0.0,0.0,63.558,68.31
258,2023-06-18 04:18:00,0.0,0.0,63.41,68.273
259,2023-06-18 04:19:00,0.0,0.0,63.436,68.247
260,2023-06-18 04:20:00,0.0,0.0,63.463,68.105
261,2023-06-18 04:21:00,0.0,0.0,63.315,68.151
262,2023-06-18 04:22:00,0.0,0.0,63.303,68.199
263,2023-06-18 04:23:00,0.0,0.0,63.166,68.285
264,2023-06-18 04:24:00,0.0,0.0,63.186,68.45
265,2023-06-18 04:25:00,0.0,0.0,63.255,68.534
266,2023-06-18 04:26:00,0.0,0.0,63.374,68.588
267,2023-06-18 04:27:00,0.0,0.0,63.436,68.789
268,2023-06-18 04:28:00,0.0,0.0,63.436,68.789
269,2023-06-18 04:29:00,0.0,0.0,63.57,68.96
270,2023-06-18 04:30:00,0.0,0.0,63.656,68.838
271,2023-06-18 04:31:00,0.0,0.0,63.697,68.857
272,2023-06-18 04:32:00,0.0,0.0,63.783,68.92
273,2023-06-18 04:33:00,0.0,0.0,63.883,68.941
274,2023-06-18 04:34:00,0.0,0.0,64.059,69.004
275,2023-06-18 04:35:00,0.0,0.0,64.156,69.069
276,2023-06-18 04:36:00,0.0,0.0,64.221,69.128
277,2023-06-18 04:37:00,0.0,0.0,64.297,69.148
278,2023-06-18 04:38:00,0.0,0.0,64.26,69.089
279,2023-06-18 04:39:00,0.0,0.0,64.209,69.005
280,2023-06-18 04:40:00,0.0,0.0,64.164,68.99
281,2023-06-18 04:41:00,0.0,0.0,64.183,68.988
282,2023-06-18 04:42:00,0.0,0.0,64.043,68.964
283,2023-06-18 04:43:00,0.0,0.0,63.945,68.93
284,2023-06-18 04:44:00,0.0,0.0,63.857,68.877
285,2023-06-18 04:45:00,0.0,0.0,63.755,68.894
286,2023-06-18 04:46:00,0.0,0.0,63.771,68.902
287,2023-06-18 04:47:00,0.0,0.0,63.771,68.902
288,2023-06-18 04:48:00,0.0,0.0,63.735,68.776
289,2023-06-18 04:49:00,0.0,0.0,63.744,68.695
290,2023-06-18 04:50:00,0.0,0.0,63.749,68.68
291,2023-06-18 04:51:00,0.0,0.0,63.852,68.583
292,2023-06-18 04:52:00,0.0,0.0,63.927,68.522
293,2023-06-18 04:53:00,0.0,0.0,63.918,68.527
294,2023-06-18 04:54:00,0.0,0.0,63.879,68.473
295,2023-06-18 04:55:00,0.0,0.0,63.876,68.455
296,2023-06-18 04:56:00,0.0,0.0,63.862,68.515
297,2023-06-18 04:57:00,0.0,0.0,63.792,68.602
298,2023-06-18 04:58:00,0.0,0.0,63.858,68.641
299,2023-06-18 04:59:00,0.0,0.0,63.879,68.639
300,2023-06-18 05:00:00,0.0,0.0,63.915,68.541
301,2023-06-18 05:01:00,0.0,0.0,63.891,68.484
302,2023-06-18 05:02:00,0.0,0.0,63.873,68.451
303,2023-06-18 05:03:00,0.0,0.0,63.737,68.398
304,2023-06-18 05:04:00,0.0,0.0,63.56,68.393
305,2023-06-18 05:05:00,0.0,0.0,63.56,68.393
306,2023-06-18 05:06:00,0.0,0.0,63.413,68.544
307,2023-06-18 05:07:00,0.0,0.0,63.327,68.5
308,2023-06-18 05:08:00,0.0,0.0,63.326,68.429
309,2023-06-18 05:09:00,0.0,0.0,63.29,68.453
310,2023-06-18 05:10:00,0.0,0.0,63.219,68.521
311,2023-06-18 05:11:00,0.0,0.0,63.259,68.434
312,2023-06-18 05:12:00,0.0,0.0,63.373,68.289
313,2023-06-18 05:13:00,0.0,0.0,63.381,68.227
314,2023-06-18 05:14:00,0.0,0.0,63.406,68.295
315,2023-06-18 05:15:00,0.0,0.0,63.514,68.308
316,2023-06-18 05:16:00,0.0,0.0,63.452,68.34
317,2023-06-18 05:17:00,0.0,0.0,63.448,68.385
318,2023-06-18 05:18:00,0.0,0.0,63.555,68.299
319,2023-06-18 05:19:00,0.0,0.0,63.433,68.275
320,2023-06-18 05:20:00,0.0,0.0,63.348,68.368
321,2023-06-18 05:21:00,0.0,0.0,63.509,68.406
322,2023-06-18 05:22:00,0.0,0.0,63.669,68.344
323,2023-06-18 05:23:00,0.0,0.0,63.742,68.285
324,2023-06-18 05:24:00,0.0,0.0,63.742,68.285
325,2023-06-18 05:25:00,0.0,0.0,63.842,68.41
326,2023-06-18 05:26:00,0.0,0.0,63.885,68.387
327,2023-06-18 05:27:00,0.0,0.0,63.92,68.407
328,2023-06-18 05:28:00,0.0,0.0,64.039,68.407
329,2023-06-18 05:29:00,0.0,0.0,63.92,68.397
330,2023-06-18 05:30:00,0.0,0.0,63.918,68.349
331,2023-06-18 05:31:00,0.0,0.0,64.043,68.297
332,2023-06-18 05:32:00,0.0,0.0,64.102,68.334
333,2023-06-18 05:33:00,0.0,0.0,64.145,68.227
334,2023-06-18 05:34:00,0.0,0.0,64.122,68.262
335,2023-06-18 05:35:00,0.0,0.0,63.955,68.259
336,2023-06-18 05:36:00,0.0,0.0,63.876,68.186
337,2023-06-18 05:37:00,0.0,0.0,63.788,68.19
338,2023-06-18 05:38:00,0.0,0.0,63.759,68.158
339,2023-06-18 05:39:00,0.0,0.0,63.644,68.285
340,2023-06-18 05:40:00,0.0,0.0,63.561,68.392
341,2023-06-18 05:41:00,0.0,0.0,63.441,68.651
342,2023-06-18 05:42:00,0.0,0.0,63.414,68.886
343,2023-06-18 05:43:00,0.0,0.0,63.436,68.899
344,2023-06-18 05:44:00,0.0,0.0,63.436,68.899
345,2023-06-18 05:45:00,0.0,0.0,63.358,68.593
346,2023-06-18 05:46:00,0.0,0.0,63.305,68.437
347,2023-06-18 05:47:00,0.0,0.0,63.31,68.386
348,2023-06-18 05:48:00,0.0,0.0,63.363,68.375
349,2023-06-18 05:49:00,0.0,0.0,63.328,68.289
350,2023-06-18 05:50:00,0.0,0.0,63.326,68.216
351,2023-06-18 05:51:00,0.0,0.0,63.336,68.152
352,2023-06-18 05:52:00,0.0,0.0,63.322,68.175
353,2023-06-18 05:53:00,0.0,0.0,63.039,68.097
354,2023-06-18 05:54:00,0.0,0.0,62.96,68.196
355,2023-06-18 05:55:00,0.0,0.0,63.013,68.349
356,2023-06-18 05:56:00,0.0,0.0,62.845,68.464
357,2023-06-18 05:57:00,0.0,0.0,62.902,68.657
358,2023-06-18 05:58:00,0.0,0.0,63.017,68.837
359,2023-06-18 05:59:00,0.0,0.0,63.017,68.974
360,2023-06-18 06:00:00,0.0,0.0,63.063,68.941
361,2023-06-18 06:01:00,0.0,0.0,63.076,68.792
362,2023-06-18 06:02:00,0.0,0.0,63.076,68.792
363,2023-06-18 06:03:00,0.0,0.0,63.124,68.715
364,2023-06-18 06:04:00,0.0,0.0,63.36,68.741
365,2023-06-18 06:05:00,0.095,0.095,63.612,68.794
366,2023-06-18 06:06:00,0.375,0.456,63.728,68.882
367,2023-06-18 06:07:00,0.663,0.882,63.983,69.08
368,2023-06-18 06:08:00,0.89,0.968,64.189,69.222
369,2023-06-18 06:09:00,0.959,1.239,64.215,69.336
370,2023-06-18 06:10:00,1.181,1.527,64.287,69.279
371,2023-06-18 06:11:00,1.246,1.815,64.46,69.282
372,2023-06-18 06:12:00,1.498,2.103,64.537,69.207
373,2023-06-18 06:13:00,1.782,2.387,64.621,69.177
374,2023-06-18 06:14:00,2.066,2.671,64.597,69.273
375,2023-06-18 06:15:00,2.353,2.968,64.514,69.379
376,2023-06-18 06:16:00,2.647,3.453,64.598,69.499
377,2023-06-18 06:17:00,3.123,3.636,64.679,69.562
378,2023-06-18 06:18:00,3.329,4.003,64.6,69.636
379,2023-06-18 06:19:00,3.5,4.408,64.692,69.675
380,2023-06-18 06:20:00,3.5,4.408,64.692,69.675
381,2023-06-18 06:21:00,4.207,5.279,64.974,69.806
382,2023-06-18 06:22:00,4.778,5.565,65.018,69.908
383,2023-06-18 06:23:00,5.137,5.851,65.219,69.937
384,2023-06-18 06:24:00,5.236,6.138,65.479,69.926
385,2023-06-18 06:25:00,5.522,6.429,65.584,69.987
386,2023-06-18 06:26:00,5.882,6.862,65.761,70.106
387,2023-06-18 06:27:00,6.438,7.63,65.945,70.197
388,2023-06-18 06:28:00,7.006,8.216,66.325,70.275
389,2023-06-18 06:29:00,7.541,8.792,66.461,70.39
390,2023-06-18 06:30:00,7.893,9.367,66.565,70.474
391,2023-06-18 06:31:00,8.423,9.936,66.673,70.608
392,2023-06-18 06:32:00,8.979,10.511,66.825,70.639
393,2023-06-18 06:33:00,9.339,11.087,67.008,70.688
394,2023-06-18 06:34:00,9.848,11.683,66.986,70.706
395,2023-06-18 06:35:00,10.423,12.656,67.069,70.753
396,2023-06-18 06:36:00,11.181,13.407,67.187,70.816
397,2023-06-18 06:37:00,11.861,14.159,67.194,70.821
398,2023-06-18 06:38:00,12.596,14.851,67.172,70.881
399,2023-06-18 06:39:00,12.596,14.851,67.172,70.881
400,2023-06-18 06:40:00,14.304,16.853,67.274,71.012
401,2023-06-18 06:41:00,15.163,17.999,67.315,71.025
402,2023-06-18 06:42:00,15.915,19.035,67.246,71.079
403,2023-06-18 06:43:00,16.573,19.893,67.19,71.156
404,2023-06-18 06:44:00,17.282,20.683,67.238,71.182
405,2023-06-18 06:45:00,17.721,21.399,67.267,71.198
406,2023-06-18 06:46:00,18.553,22.464,67.26,71.272
407,2023-06-18 06:47:00,19.415,23.393,67.385,71.377
408,2023-06-18 06:48:00,20.269,24.541,67.44,71.385
409,2023-06-18 06:49:00,21.073,25.855,67.441,71.373
410,2023-06-18 06:50:00,21.448,26.539,67.409,71.474
411,2023-06-18 06:51:00,21.748,26.907,67.484,71.552
412,2023-06-18 06:52:00,22.284,27.652,67.589,71.639
413,2023-06-18 06:53:00,23.462,28.907,67.727,71.69
414,2023-06-18 06:54:00,24.112,29.561,67.74,71.768
415,2023-06-18 06:55:00,24.774,30.407,67.755,71.865
416,2023-06-18 06:56:00,25.458,31.031,67.776,71.923
417,2023-06-18 06:57:00,25.458,31.031,67.776,71.923
418,2023-06-18 06:58:00,27.657,33.404,68.074,71.972
419,2023-06-18 06:59:00,28.865,34.612,68.138,72.041
420,2023-06-18 07:00:00,29.728,35.377,68.213,72.197
421,2023-06-18 07:01:00,29.527,35.064,68.411,72.349
422,2023-06-18 07:02:00,30.442,36.104,68.423,72.438
423,2023-06-18 07:03:00,32.52,38.044,68.582,72.455
424,2023-06-18 07:04:00,35.361,41.138,68.767,72.611
425,2023-06-18 07:05:00,39.279,45.431,68.896,72.789
426,2023-06-18 07:06:00,41.9,48.643,69.068,72.893
427,2023-06-18 07:07:00,43.494,49.708,69.114,72.959
428,2023-06-18 07:08:00,45.088,51.386,69.286,73.006
429,2023-06-18 07:09:00,45.93,52.267,69.452,73.153
430,2023-06-18 07:10:00,47.262,53.388,69.609,73.442
431,2023-06-18 07:11:00,50.753,56.815,69.8,73.816
432,2023-06-18 07:12:00,55.003,61.45,69.972,74.397
433,2023-06-18 07:13:00,58.934,65.954,70.193,74.996
434,2023-06-18 07:14:00,61.842,69.438,70.394,75.418
435,2023-06-18 07:15:00,61.842,69.438,70.394,75.418
436,2023-06-18 07:16:00,61.845,70.314,70.645,75.353
437,2023-06-18 07:17:00,62.616,70.602,70.796,74.97
438,2023-06-18 07:18:00,64.577,71.634,70.874,75.145
439,2023-06-18 07:19:00,68.521,75.372,71.08,75.509
440,2023-06-18 07:20:00,73.405,80.727,71.317,75.754
441,2023-06-18 07:21:00,74.447,82.128,71.635,76.017
442,2023-06-18 07:22:00,73.762,81.998,71.944,76.498
443,2023-06-18 07:23:00,73.031,81.658,72.092,76.989
444,2023-06-18 07:24:00,71.763,80.001,72.322,77.188
445,2023-06-18 07:25:00,70.759,78.899,72.485,77.156
446,2023-06-18 07:26:00,69.34,77.239,72.613,76.882
447,2023-06-18 07:27:00,69.762,77.404,72.878,76.65
448,2023-06-18 07:28:00,74.15,81.938,73.07,76.975
449,2023-06-18 07:29:00,76.632,84.486,73.261,77.617
450,2023-06-18 07:30:00,75.422,82.905,73.433,78.19
451,2023-06-18 07:31:00,77.868,85.855,73.621,78.506
452,2023-06-18 07:32:00,81.154,89.79,73.799,78.7
453,2023-06-18 07:33:00,81.154,89.79,73.799,78.7
454,2023-06-18 07:34:00,80.774,89.918,74.038,78.513
455,2023-06-18 07:35:00,77.794,87.257,74.133,78.552
456,2023-06-18 07:36:00,77.742,86.644,74.291,78.574
457,2023-06-18 07:37:00,77.582,85.911,74.332,78.592
458,2023-06-18 07:38:00,78.158,86.118,74.532,78.501
459,2023-06-18 07:39:00,81.526,89.728,74.633,78.417
460,2023-06-18 07:40:00,81.18,89.395,74.862,78.369
461,2023-06-18 07:41:00,74.235,81.334,75.02,78.275
462,2023-06-18 07:42:00,69.627,76.381,75.125,78.147
463,2023-06-18 07:43:00,70.768,77.971,75.188,78.044
464,2023-06-18 07:44:00,75.497,83.43,75.283,78.488
465,2023-06-18 07:45:00,77.801,85.544,75.427,78.896
466,2023-06-18 07:46:00,79.903,87.897,75.579,78.948
467,2023-06-18 07:47:00,79.58,88.134,75.559,78.815
468,2023-06-18 07:48:00,79.142,87.357,75.522,78.59
469,2023-06-18 07:49:00,79.775,87.64,75.584,78.445
470,2023-06-18 07:50:00,79.775,87.64,75.584,78.445
471,2023-06-18 07:51:00,82.582,91.47,75.631,78.23
472,2023-06-18 07:52:00,84.272,93.3,75.702,78.235
473,2023-06-18 07:53:00,91.319,99.724,75.837,78.351
474,2023-06-18 07:54:00,101.655,110.919,76.013,78.562
475,2023-06-18 07:55:00,107.439,117.955,76.324,78.892
476,2023-06-18 07:56:00,107.443,118.605,76.526,78.889
477,2023-06-18 07:57:00,102.1,112.754,76.558,78.66
478,2023-06-18 07:58:00,97.063,105.818,76.919,79.002
479,2023-06-18 07:59:00,98.676,106.714,77.182,79.845
480,2023-06-18 08:00:00,102.907,111.113,77.403,80.318
481,2023-06-18 08:01:00,114.071,121.544,77.65,80.025
482,2023-06-18 08:02:00,129.726,139.243,77.892,80.92
483,2023-06-18 08:03:00,135.249,145.561,78.349,82.394
484,2023-06-18 08:04:00,136.173,147.572,78.779,82.241
485,2023-06-18 08:05:00,122.121,133.259,79.111,82.233
486,2023-06-18 08:06:00,112.24,122.733,79.313,81.977
487,2023-06-18 08:07:00,107.008,117.675,79.436,81.697
488,2023-06-18 08:08:00,106.549,117.619,79.476,81.256
489,2023-06-18 08:09:00,106.549,117.619,79.476,81.256
490,2023-06-18 08:10:00,94.898,107.185,79.309,81.01
491,2023-06-18 08:11:00,85.925,96.382,79.296,81.128
492,2023-06-18 08:12:00,84.365,93.451,79.098,80.902
493,2023-06-18 08:13:00,83.508,92.583,78.859,80.806
494,2023-06-18 08:14:00,82.908,92.149,78.652,80.772
495,2023-06-18 08:15:00,82.537,92.191,78.409,80.725
496,2023-06-18 08:16:00,82.218,91.956,78.138,80.611
497,2023-06-18 08:17:00,85.911,95.917,78.1,80.478
498,2023-06-18 08:18:00,92.15,102.444,77.848,80.557
499,2023-06-18 08:19:00,102.157,113.049,77.756,80.571
500,2023-06-18 08:20:00,104.767,118.193,77.894,80.759
501,2023-06-18 08:21:00,107.016,121.401,77.87,80.954
502,2023-06-18 08:22:00,106.278,120.513,78.089,81.06
503,2023-06-18 08:23:00,102.014,115.372,78.279,80.99
504,2023-06-18 08:24:00,101.551,115.184,78.325,80.976
505,2023-06-18 08:25:00,104.478,118.201,78.391,80.966
506,2023-06-18 08:26:00,119.806,132.915,78.463,81.067
507,2023-06-18 08:27:00,119.806,132.915,78.463,81.067
508,2023-06-18 08:28:00,113.125,126.7,78.834,81.203
509,2023-06-18 08:29:00,90.136,102.578,78.926,81.017
510,2023-06-18 08:30:00,72.426,81.807,78.875,80.577
511,2023-06-18 08:31:00,67.409,75.093,78.752,80.559
512,2023-06-18 08:32:00,66.941,73.796,78.658,80.744
513,2023-06-18 08:33:00,68.153,74.421,78.457,80.664
514,2023-06-18 08:34:00,69.092,75.133,78.259,80.595
515,2023-06-18 08:35:00,70.296,77.399,78.12,80.632
516,2023-06-18 08:36:00,71.629,78.951,78.069,80.576
517,2023-06-18 08:37:00,71.196,78.959,77.812,80.312
518,2023-06-18 08:38:00,73.277,81.142,77.598,80.397
519,2023-06-18 08:39:00,77.798,85.65,77.558,80.446
520,2023-06-18 08:40:00,81.233,88.913,77.636,80.564
521,2023-06-18 08:41:00,88.623,97.05,77.703,80.614
522,2023-06-18 08:42:00,98.914,108.499,77.757,80.746
523,2023-06-18 08:43:00,104.042,115.135,77.909,80.92
524,2023-06-18 08:44:00,114.007,125.294,78.087,80.948
525,2023-06-18 08:45:00,114.007,125.294,78.087,80.948
526,2023-06-18 08:46:00,141.905,158.925,78.607,81.451
527,2023-06-18 08:47:00,124.648,141.522,78.926,81.527
528,2023-06-18 08:48:00,96.939,110.764,79.227,81.293
529,2023-06-18 08:49:00,81.503,91.614,79.47,81.14
530,2023-06-18 08:50:00,79.161,87.489,79.432,80.991
531,2023-06-18 08:51:00,80.097,88.907,79.267,80.689
532,2023-06-18 08:52:00,80.461,90.176,79.094,80.531
533,2023-06-18 08:53:00,83.365,92.465,79.015,80.424
534,2023-06-18 08:54:00,92.607,101.657,78.882,80.292
535,2023-06-18 08:55:00,101.16,111.152,78.824,80.215
536,2023-06-18 08:56:00,118.541,126.332,78.822,80.634
537,2023-06-18 08:57:00,123.541,130.925,78.877,80.848
538,2023-06-18 08:58:00,146.334,155.451,79.101,80.862
539,2023-06-18 08:59:00,166.986,180.458,79.48,80.93
540,2023-06-18 09:00:00,168.513,185.853,79.861,81.057
541,2023-06-18 09:01:00,169.646,187.923,80.224,80.608
542,2023-06-18 09:02:00,173.349,192.931,80.649,79.95
543,2023-06-18 09:03:00,171.58,192.313,81.176,79.536
544,2023-06-18 09:04:00,171.58,192.313,81.176,79.536
545,2023-06-18 09:05:00,170.617,191.129,81.989,79.174
546,2023-06-18 09:06:00,163.943,182.562,82.218,78.938
547,2023-06-18 09:07:00,163.729,181.843,82.517,78.816
548,2023-06-18 09:08:00,174.661,195.137,82.814,79.293
549,2023-06-18 09:09:00,205.778,228.371,82.987,80.067
550,2023-06-18 09:10:00,221.045,247.668,83.227,81.363
551,2023-06-18 09:11:00,226.305,252.688,83.593,81.667
552,2023-06-18 09:12:00,232.344,256.657,84.001,82.572
553,2023-06-18 09:13:00,237.36,262.119,84.408,82.48
554,2023-06-18 09:14:00,241.817,266.921,84.809,82.345
555,2023-06-18 09:15:00,230.663,254.011,85.416,82.286
556,2023-06-18 09:16:00,227.464,249.306,85.922,81.895
557,2023-06-18 09:17:00,226.729,248.656,86.312,82.111
558,2023-06-18 09:18:00,215.963,238.017,86.672,81.99
559,2023-06-18 09:19:00,204.579,225.708,86.964,81.833
560,2023-06-18 09:20:00,205.331,228.142,87.124,81.788
561,2023-06-18 09:21:00,209.635,235.195,87.167,81.679
562,2023-06-18 09:22:00,209.635,235.195,87.167,81.679
563,2023-06-18 09:23:00,187.904,213.729,87.228,81.619
564,2023-06-18 09:24:00,194.386,218.395,87.23,81.677
565,2023-06-18 09:25:00,204.42,227.035,87.366,82.068
566,2023-06-18 09:26:00,213.391,235.609,87.439,82.703
567,2023-06-18 09:27:00,219.161,240.599,87.521,82.834
568,2023-06-18 09:28:00,225.71,246.794,87.752,83.238
569,2023-06-18 09:29:00,250.48,275.293,87.809,83.268
570,2023-06-18 09:30:00,280.159,311.04,88.041,83.008
571,2023-06-18 09:31:00,277.441,312.56,88.478,83.425
572,2023-06-18 09:32:00,270.849,306.917,88.921,84.48
573,2023-06-18 09:33:00,292.899,331.936,89.561,84.929
574,2023-06-18 09:34:00,301.433,340.085,90.356,85.346
575,2023-06-18 09:35:00,308.818,345.781,91.071,86.846
576,2023-06-18 09:36:00,315.87,354.705,91.71,89.413
577,2023-06-18 09:37:00,305.07,344.83,92.467,90.463
578,2023-06-18 09:38:00,302.217,343.672,93.265,89.542
579,2023-06-18 09:39:00,309.026,353.995,93.834,92.246
580,2023-06-18 09:40:00,309.026,353.995,93.834,92.246
581,2023-06-18 09:41:00,343.841,402.958,95.218,89.604
582,2023-06-18 09:42:00,358.503,419.907,95.962,88.935
583,2023-06-18 09:43:00,358.038,415.076,96.609,89.71
584,2023-06-18 09:44:00,440.434,507.522,97.113,91.738
585,2023-06-18 09:45:00,533.109,615.923,98.153,92.831
586,2023-06-18 09:46:00,451.538,518.657,99.574,91.426
587,2023-06-18 09:47:00,494.827,566.667,100.84,92.875
588,2023-06-18 09:48:00,471.297,542.977,101.72,92.721
589,2023-06-18 09:49:00,410.896,475.855,102.353,92.383
590,2023-06-18 09:50:00,436.204,503.269,102.635,91.141
591,2023-06-18 09:51:00,459.773,531.726,102.795,90.849
592,2023-06-18 09:52:00,471.471,546.598,103.24,91.575
593,2023-06-18 09:53:00,487.871,561.917,103.738,91.508
594,2023-06-18 09:54:00,505.777,578.85,103.884,91.916
595,2023-06-18 09:55:00,512.04,585.126,104.29,92.483
596,2023-06-18 09:56:00,515.586,587.79,104.828,93.191
597,2023-06-18 09:57:00,507.092,576.796,105.351,93.434
598,2023-06-18 09:58:00,507.303,576.991,105.869,92.983
599,2023-06-18 09:59:00,507.303,576.991,105.869,92.983
600,2023-06-18 10:00:00,499.63,568.686,106.887,93.23
601,2023-06-18 10:01:00,493.29,559.443,107.296,92.168
602,2023-06-18 10:02:00,488.181,552.294,107.708,92.263
603,2023-06-18 10:03:00,502.904,567.718,107.988,93.14
604,2023-06-18 10:04:00,474.659,535.081,108.143,93.036
605,2023-06-18 10:05:00,472.539,533.492,108.185,91.632
606,2023-06-18 10:06:00,501.94,564.872,108.36,91.949
607,2023-06-18 10:07:00,497.752,558.256,108.582,92.382
608,2023-06-18 10:08:00,497.204,557.302,108.483,91.106
609,2023-06-18 10:09:00,508.137,569.378,108.661,91.34
610,2023-06-18 10:10:00,519.093,581.253,108.759,93.197
611,2023-06-18 10:11:00,526.189,588.767,108.944,94.248
612,2023-06-18 10:12:00,535.755,598.8,109.272,94.174
613,2023-06-18 10:13:00,532.057,594.897,109.707,94.503
614,2023-06-18 10:14:00,543.973,607.93,110.172,95.09
615,2023-06-18 10:15:00,544.496,607.784,110.416,96.522
616,2023-06-18 10:16:00,548.67,611.81,110.848,95.198
617,2023-06-18 10:17:00,548.67,611.81,110.848,95.198
618,2023-06-18 10:18:00,532.458,589.934,111.556,95.604
619,2023-06-18 10:19:00,525.398,582.19,111.62,96.198
620,2023-06-18 10:20:00,538.357,597.788,111.898,96.808
621,2023-06-18 10:21:00,555.902,618.786,112.395,98.09
622,2023-06-18 10:22:00,579.114,643.83,112.813,97.291
623,2023-06-18 10:23:00,582.1,646.225,113.13,96.469
624,2023-06-18 10:24:00,575.412,636.894,113.559,96.441
625,2023-06-18 10:25:00,588.407,651.415,113.926,97.845
626,2023-06-18 10:26:00,598.521,662.486,114.483,99.744
627,2023-06-18 10:27:00,572.326,633.4,115.071,98.479
628,2023-06-18 10:28:00,585.365,647.613,115.471,98.188
629,2023-06-18 10:29:00,588.432,651.341,115.784,99.521
630,2023-06-18 10:30:00,575.917,636.473,115.977,100.836
631,2023-06-18 10:31:00,558.675,615.901,116.208,101.952
632,2023-06-18 10:32:00,542.6,597.492,116.395,103.661
633,2023-06-18 10:33:00,562.852,619.643,116.584,105.439
634,2023-06-18 10:34:00,570.516,627.303,116.73,105.158
635,2023-06-18 10:35:00,570.516,627.303,116.73,105.158
636,2023-06-18 10:36:00,574.702,631.457,117.149,114.025
637,2023-06-18 10:37:00,603.888,663.812,117.425,120.152
638,2023-06-18 10:38:00,610.95,671.3,117.669,120.166
639,2023-06-18 10:39:00,608.193,668.381,118.011,120.166
640,2023-06-18 10:40:00,610.4,670.998,118.167,120.166
641,2023-06-18 10:41:00,594.547,653.991,118.318,120.166
642,2023-06-18 10:42:00,598.434,660.415,118.257,120.166
643,2023-06-18 10:43:00,621.198,685.802,118.453,120.166
644,2023-06-18 10:44:00,617.73,681.947,118.687,120.166
645,2023-06-18 10:45:00,619.096,682.721,118.818,120.166
646,2023-06-18 10:46:00,588.159,648.77,118.979,120.166
647,2023-06-18 10:47:00,599.437,661.959,118.896,120.166
648,2023-06-18 10:48:00,616.604,678.885,118.903,120.166
649,2023-06-18 10:49:00,570.562,626.427,118.872,120.166
650,2023-06-18 10:50:00,527.631,579.139,118.779,120.166
651,2023-06-18 10:51:00,529.427,581.004,118.606,120.166
652,2023-06-18 10:52:00,554.913,609.226,118.566,120.13
653,2023-06-18 10:53:00,575.443,631.279,118.49,116.891
654,2023-06-18 10:54:00,575.443,631.279,118.49,116.891
655,2023-06-18 10:55:00,558.958,613.335,118.038,111.57
656,2023-06-18 10:56:00,562.683,616.362,118.015,111.501
657,2023-06-18 10:57:00,589.346,645.997,117.984,111.801
658,2023-06-18 10:58:00,622.364,681.498,118.056,110.891
659,2023-06-18 10:59:00,640.645,699.463,118.311,110.388
660,2023-06-18 11:00:00,639.778,698.257,118.658,111.038
661,2023-06-18 11:01:00,625.091,682.351,118.958,111.175
662,2023-06-18 11:02:00,588.451,642.041,119.252,110.319
663,2023-06-18 11:03:00,624.058,681.186,119.617,109.594
664,2023-06-18 11:04:00,594.33,650.396,119.796,108.927
665,2023-06-18 11:05:00,642.14,700.405,119.961,110.221
666,2023-06-18 11:06:00,676.051,735.312,120.201,109.543
667,2023-06-18 11:07:00,666.96,724.647,120.368,107.539
668,2023-06-18 11:08:00,660.199,717.136,119.863,106.166
669,2023-06-18 11:09:00,659.529,716.231,120.048,108.055
670,2023-06-18 11:10:00,674.289,732.247,119.909,108.343
671,2023-06-18 11:11:00,684.685,742.804,119.741,107.163
672,2023-06-18 11:12:00,680.486,737.4,119.74,107.542
673,2023-06-18 11:13:00,680.486,737.4,119.74,107.542
674,2023-06-18 11:14:00,661.1,717.143,118.862,106.469
675,2023-06-18 11:15:00,668.896,726.729,118.928,107.788
676,2023-06-18 11:16:00,665.204,722.526,119.183,108.548
677,2023-06-18 11:17:00,649.413,704.689,119.477,110.507
678,2023-06-18 11:18:00,677.57,734.54,119.581,116.692
679,2023-06-18 11:19:00,641.072,692.992,119.783,119.399
680,2023-06-18 11:20:00,562.237,607.262,119.926,118.338
681,2023-06-18 11:21:00,640.963,690.754,119.869,119.978
682,2023-06-18 11:22:00,682.443,734.488,119.959,120.166
683,2023-06-18 11:23:00,685.966,737.565,120.247,120.166
684,2023-06-18 11:24:00,649.895,698.472,120.082,120.166
685,2023-06-18 11:25:00,679.735,730.501,120.566,120.166
686,2023-06-18 11:26:00,676.479,726.381,121.042,120.166
687,2023-06-18 11:27:00,667.323,717.339,121.613,120.166
688,2023-06-18 11:28:00,684.193,735.432,122.162,120.166
689,2023-06-18 11:29:00,691.167,742.311,122.746,120.166
690,2023-06-18 11:30:00,688.581,739.396,122.951,120.128
691,2023-06-18 11:31:00,693.626,743.607,123.141,113.907
692,2023-06-18 11:32:00,693.626,743.607,123.141,113.907
693,2023-06-18 11:33:00,679.169,726.691,124.093,111.857
694,2023-06-18 11:34:00,666.854,713.854,124.16,113.652
695,2023-06-18 11:35:00,698.238,748.169,124.174,115.407
696,2023-06-18 11:36:00,701.466,748.925,124.598,120.006
697,2023-06-18 11:37:00,716.775,763.733,125.049,119.965
698,2023-06-18 11:38:00,625.957,667.719,125.341,119.488
699,2023-06-18 11:39:00,451.632,485.576,125.087,119.727
700,2023-06-18 11:40:00,616.638,658.827,124.318,119.49
701,2023-06-18 11:41:00,678.358,724.446,123.664,119.263
702,2023-06-18 11:42:00,691.902,738.013,123.518,118.623
703,2023-06-18 11:43:00,658.692,703.289,123.64,118.156
704,2023-06-18 11:44:00,694.916,742.148,123.03,116.371
705,2023-06-18 11:45:00,720.356,768.854,122.452,115.563
706,2023-06-18 11:46:00,701.996,749.608,122.147,114.313
707,2023-06-18 11:47:00,677.121,723.747,122.606,115.546
708,2023-06-18 11:48:00,687.83,736.213,123.146,116.997
709,2023-06-18 11:49:00,715.767,766.262,123.089,116.037
710,2023-06-18 11:50:00,728.792,779.914,123.49,116.498
711,2023-06-18 11:51:00,728.792,779.914,123.49,116.498
712,2023-06-18 11:52:00,758.86,812.065,125.118,116.053
713,2023-06-18 11:53:00,782.92,836.579,125.647,112.525
714,2023-06-18 11:54:00,811.535,865.168,125.735,110.856
715,2023-06-18 11:55:00,814.243,867.31,125.439,108.816
716,2023-06-18 11:56:00,785.065,836.522,125.756,109.706
717,2023-06-18 11:57:00,676.069,721.665,126.215,110.305
718,2023-06-18 11:58:00,530.46,568.597,126.306,109.656
719,2023-06-18 11:59:00,570.906,613.542,125.623,109.334
720,2023-06-18 12:00:00,535.414,575.547,125.341,108.519
721,2023-06-18 12:01:00,697.753,748.827,124.839,108.854
722,2023-06-18 12:02:00,783.295,840.464,124.767,109.327
723,2023-06-18 12:03:00,782.256,840.587,125.064,111.167
724,2023-06-18 12:04:00,775.947,834.372,125.513,110.813
725,2023-06-18 12:05:00,753.299,807.738,126.197,110.908
726,2023-06-18 12:06:00,720.429,771.753,126.621,111.147
727,2023-06-18 12:07:00,761.858,816.717,126.75,111.743
728,2023-06-18 12:08:00,798.893,854.487,126.742,111.403
729,2023-06-18 12:09:00,798.893,854.487,126.742,111.403
730,2023-06-18 12:10:00,779.917,831.529,127.038,110.699
731,2023-06-18 12:11:00,770.746,820.615,127.316,110.941
732,2023-06-18 12:12:00,756.397,802.153,127.478,110.691
733,2023-06-18 12:13:00,720.018,760.961,127.576,111.206
734,2023-06-18 12:14:00,709.243,747.657,127.95,114.223
735,2023-06-18 12:15:00,706.732,745.128,127.888,118.409
736,2023-06-18 12:16:00,801.484,844.676,127.747,120.057
737,2023-06-18 12:17:00,844.689,888.085,127.58,119.415
738,2023-06-18 12:18:00,844.635,887.55,127.26,115.863
739,2023-06-18 12:19:00,846.584,890.128,127.331,112.875
740,2023-06-18 12:20:00,845.487,887.983,127.78,112.271
741,2023-06-18 12:21:00,822.145,863.793,127.951,113.363
742,2023-06-18 12:22:00,825.246,867.161,128.801,112.538
743,2023-06-18 12:23:00,834.97,876.987,129.497,112.381
744,2023-06-18 12:24:00,815.089,856.434,130.102,114.262
745,2023-06-18 12:25:00,797.304,836.666,130.471,111.021
746,2023-06-18 12:26:00,790.607,830.304,130.629,108.603
747,2023-06-18 12:27:00,793.084,832.946,130.673,108.12
748,2023-06-18 12:28:00,793.084,832.946,130.673,108.12
749,2023-06-18 12:29:00,778.641,817.636,130.77,108.153
750,2023-06-18 12:30:00,712.982,750.07,130.428,106.977
751,2023-06-18 12:31:00,633.406,666.957,129.94,107.589
752,2023-06-18 12:32:00,794.052,832.1,129.552,108.695
753,2023-06-18 12:33:00,808.859,848.461,129.496,109.193
754,2023-06-18 12:34:00,828.53,869.453,129.642,109.668
755,2023-06-18 12:35:00,814.298,853.814,129.945,109.964
756,2023-06-18 12:36:00,778.971,817.078,130.263,110.933
757,2023-06-18 12:37:00,644.092,678.59,130.484,113.277
758,2023-06-18 12:38:00,370.37,397.183,129.721,110.516
759,2023-06-18 12:39:00,460.455,493.698,127.48,107.88
760,2023-06-18 12:40:00,330.4,354.105,125.436,106.059
761,2023-06-18 12:41:00,263.517,282.343,123.47,104.052
762,2023-06-18 12:42:00,247.064,266.004,121.28,106.788
763,2023-06-18 12:43:00,254.652,271.697,119.035,108.843
764,2023-06-18 12:44:00,303.656,318.184,117.178,108.062
765,2023-06-18 12:45:00,634.946,665.619,116.167,107.275
766,2023-06-18 12:46:00,634.946,665.619,116.167,107.275
767,2023-06-18 12:47:00,800.607,844.611,117.683,109.07
768,2023-06-18 12:48:00,793.362,836.774,119.359,110.076
769,2023-06-18 12:49:00,791.692,834.939,121.046,111.46
770,2023-06-18 12:50:00,840.492,885.318,122.713,112.872
771,2023-06-18 12:51:00,869.598,914.743,124.635,112.165
772,2023-06-18 12:52:00,878.05,923.2,126.672,111.811
773,2023-06-18 12:53:00,888.425,933.424,128.831,112.983
774,2023-06-18 12:54:00,901.712,948.499,130.847,113.709
775,2023-06-18 12:55:00,937.47,984.665,132.614,114.997
776,2023-06-18 12:56:00,935.804,981.884,134.212,112.845
777,2023-06-18 12:57:00,905.794,952.96,135.162,111.467
778,2023-06-18 12:58:00,928.14,977.248,135.619,109.024
779,2023-06-18 12:59:00,851.034,897.415,136.524,107.685
780,2023-06-18 13:00:00,794.832,839.339,137.177,108.271
781,2023-06-18 13:01:00,782.554,827.185,137.416,109.909
782,2023-06-18 13:02:00,804.066,850.258,136.864,108.63
783,2023-06-18 13:03:00,530.511,567.308,135.507,106.328
784,2023-06-18 13:04:00,530.511,567.308,135.507,106.328
785,2023-06-18 13:05:00,241.307,264.498,131.996,106.029
786,2023-06-18 13:06:00,205.724,226.639,129.354,108.194
787,2023-06-18 13:07:00,204.601,223.39,126.128,107.766
788,2023-06-18 13:08:00,208.954,226.193,122.659,104.413
789,2023-06-18 13:09:00,180.366,194.958,119.614,103.292
790,2023-06-18 13:10:00,187.385,197.506,116.871,102.917
791,2023-06-18 13:11:00,207.317,213.541,114.372,103.436
792,2023-06-18 13:12:00,232.825,236.588,112.051,103.936
793,2023-06-18 13:13:00,245.323,246.906,110.14,104.085
794,2023-06-18 13:14:00,220.154,218.239,108.435,100.751
795,2023-06-18 13:15:00,206.802,204.411,106.999,96.548
796,2023-06-18 13:16:00,200.642,198.565,105.923,96.801
797,2023-06-18 13:17:00,201.764,200.682,105.152,97.085
798,2023-06-18 13:18:00,205.469,205.584,104.157,96.751
799,2023-06-18 13:19:00,209.897,212.206,103.096,95.882
800,2023-06-18 13:20:00,214.0,218.276,101.925,95.196
801,2023-06-18 13:21:00,215.368,221.53,101.127,93.957
802,2023-06-18 13:22:00,214.166,222.16,100.586,93.41
803,2023-06-18 13:23:00,214.166,222.16,100.586,93.41
804,2023-06-18 13:24:00,207.201,217.628,99.54,94.021
805,2023-06-18 13:25:00,204.059,214.399,99.061,94.484
806,2023-06-18 13:26:00,203.207,213.411,98.688,94.746
807,2023-06-18 13:27:00,204.328,215.095,98.597,94.801
808,2023-06-18 13:28:00,206.169,217.264,98.357,93.895
809,2023-06-18 13:29:00,207.269,218.308,98.024,93.541
810,2023-06-18 13:30:00,209.347,220.803,98.04,94.433
811,2023-06-18 13:31:00,212.911,224.545,98.043,95.09
812,2023-06-18 13:32:00,216.805,229.183,98.036,95.209
813,2023-06-18 13:33:00,221.756,234.713,97.984,94.947
814,2023-06-18 13:34:00,228.461,241.797,97.905,94.143
815,2023-06-18 13:35:00,238.547,252.705,97.985,94.649
816,2023-06-18 13:36:00,253.275,268.967,98.216,94.846
817,2023-06-18 13:37:00,273.275,290.707,98.55,95.467
818,2023-06-18 13:38:00,327.771,347.851,98.881,96.258
819,2023-06-18 13:39:00,327.903,348.516,99.526,97.049
820,2023-06-18 13:40:00,316.408,336.846,100.258,97.699
821,2023-06-18 13:41:00,316.408,336.846,100.258,97.699
822,2023-06-18 13:42:00,380.867,405.341,100.959,96.925
823,2023-06-18 13:43:00,447.266,476.186,100.991,95.99
824,2023-06-18 13:44:00,532.719,566.331,101.379,96.317
825,2023-06-18 13:45:00,658.325,697.07,102.258,97.531
826,2023-06-18 13:46:00,782.168,825.219,103.802,99.462
827,2023-06-18 13:47:00,805.122,849.615,106.072,102.07
828,2023-06-18 13:48:00,872.368,918.937,108.664,105.484
829,2023-06-18 13:49:00,861.768,909.408,111.0,107.33
830,2023-06-18 13:50:00,886.005,935.491,113.451,110.126
831,2023-06-18 13:51:00,867.78,916.84,115.404,118.347
832,2023-06-18 13:52:00,885.874,936.392,116.689,117.302
833,2023-06-18 13:53:00,916.568,969.525,118.062,119.519
834,2023-06-18 13:54:00,973.574,1028.818,119.484,120.166
835,2023-06-18 13:55:00,909.732,965.796,121.029,120.166
836,2023-06-18 13:56:00,683.409,731.069,122.697,120.166
837,2023-06-18 13:57:00,433.036,471.566,123.438,120.166
838,2023-06-18 13:58:00,344.956,379.781,122.474,120.166
839,2023-06-18 13:59:00,549.782,591.22,121.121,120.166
840,2023-06-18 14:00:00,643.239,689.334,120.561,120.166
841,2023-06-18 14:01:00,643.239,689.334,120.561,120.166
842,2023-06-18 14:02:00,546.068,594.508,120.559,120.166
843,2023-06-18 14:03:00,504.273,554.876,120.347,120.166
844,2023-06-18 14:04:00,325.994,370.164,119.862,120.166
845,2023-06-18 14:05:00,301.46,342.819,118.388,120.166
846,2023-06-18 14:06:00,285.664,326.334,116.656,120.166
847,2023-06-18 14:07:00,270.869,312.407,115.253,120.166
848,2023-06-18 14:08:00,255.33,295.815,113.71,120.166
849,2023-06-18 14:09:00,244.019,281.298,112.394,119.624
850,2023-06-18 14:10:00,236.341,270.547,111.165,116.835
851,2023-06-18 14:11:00,235.149,267.139,110.01,114.137
852,2023-06-18 14:12:00,280.735,314.432,108.865,109.883
853,2023-06-18 14:13:00,622.492,665.744,108.478,109.34
854,2023-06-18 14:14:00,359.233,392.942,108.494,107.686
855,2023-06-18 14:15:00,230.263,255.482,108.247,113.116
856,2023-06-18 14:16:00,234.715,254.836,107.699,118.543
857,2023-06-18 14:17:00,239.865,256.785,107.005,114.75
858,2023-06-18 14:18:00,255.81,270.801,106.469,116.483
859,2023-06-18 14:19:00,255.81,270.801,106.469,116.483
860,2023-06-18 14:20:00,320.244,339.892,106.513,120.166
861,2023-06-18 14:21:00,303.029,323.513,106.957,116.056
862,2023-06-18 14:22:00,549.63,575.968,107.614,111.221
863,2023-06-18 14:23:00,899.497,934.205,109.446,112.08
864,2023-06-18 14:24:00,805.15,838.538,112.026,114.341
865,2023-06-18 14:25:00,494.245,520.53,114.232,117.15
866,2023-06-18 14:26:00,263.8,280.37,115.643,109.582
867,2023-06-18 14:27:00,223.497,236.326,116.007,108.964
868,2023-06-18 14:28:00,230.559,242.704,115.21,108.91
869,2023-06-18 14:29:00,236.248,251.398,114.552,109.136
870,2023-06-18 14:30:00,231.494,249.137,113.632,109.138
871,2023-06-18 14:31:00,270.699,291.293,112.661,107.811
872,2023-06-18 14:32:00,554.414,583.635,111.86,107.167
873,2023-06-18 14:33:00,809.303,844.697,112.303,108.084
874,2023-06-18 14:34:00,872.298,907.292,114.069,109.77
875,2023-06-18 14:35:00,873.675,905.745,116.432,116.503
876,2023-06-18 14:36:00,876.698,907.368,118.928,120.02
877,2023-06-18 14:37:00,795.744,824.338,121.379,118.502
878,2023-06-18 14:38:00,795.744,824.338,121.379,118.502
879,2023-06-18 14:39:00,848.653,879.928,124.734,117.316
880,2023-06-18 14:40:00,831.01,861.107,126.678,117.483
881,2023-06-18 14:41:00,645.868,671.63,128.394,120.05
882,2023-06-18 14:42:00,277.65,294.54,129.124,120.166
883,2023-06-18 14:43:00,224.416,240.204,128.413,120.166
884,2023-06-18 14:44:00,220.445,237.344,126.594,120.14
885,2023-06-18 14:45:00,229.934,247.181,124.422,119.983
886,2023-06-18 14:46:00,227.366,243.434,122.199,119.626
887,2023-06-18 14:47:00,230.233,246.899,120.141,117.991
888,2023-06-18 14:48:00,246.263,264.8,118.387,113.384
889,2023-06-18 14:49:00,240.834,259.628,116.821,111.811
890,2023-06-18 14:50:00,219.353,237.446,115.151,110.382
891,2023-06-18 14:51:00,216.282,234.141,113.505,109.519
892,2023-06-18 14:52:00,534.472,560.783,112.18,110.2
893,2023-06-18 14:53:00,782.921,815.662,112.245,111.162
894,2023-06-18 14:54:00,536.009,563.197,113.638,112.622
895,2023-06-18 14:55:00,536.009,563.197,113.638,112.622
896,2023-06-18 14:56:00,261.381,283.718,114.947,113.698
897,2023-06-18 14:57:00,266.537,289.782,114.608,112.963
898,2023-06-18 14:58:00,301.597,326.877,114.002,113.149
899,2023-06-18 14:59:00,457.496,488.131,113.554,113.48
900,2023-06-18 15:00:00,607.722,641.045,113.655,113.48
901,2023-06-18 15:01:00,276.508,297.085,114.322,113.781
902,2023-06-18 15:02:00,219.431,237.979,114.395,112.455
903,2023-06-18 15:03:00,268.506,287.963,113.499,109.327
904,2023-06-18 15:04:00,631.856,661.735,112.158,107.265
905,2023-06-18 15:05:00,751.281,786.075,112.585,109.909
906,2023-06-18 15:06:00,767.278,804.653,114.459,112.085
907,2023-06-18 15:07:00,761.943,799.838,116.846,113.146
908,2023-06-18 15:08:00,751.346,787.309,119.268,113.479
909,2023-06-18 15:09:00,744.69,778.994,121.111,111.524
910,2023-06-18 15:10:00,742.003,776.079,122.675,108.239
911,2023-06-18 15:11:00,741.003,774.752,124.528,110.354
912,2023-06-18 15:12:00,698.292,728.656,125.615,110.513
913,2023-06-18 15:13:00,698.292,728.656,125.615,110.513
914,2023-06-18 15:14:00,713.119,746.318,126.132,110.112
915,2023-06-18 15:15:00,702.464,736.82,126.726,111.511
916,2023-06-18 15:16:00,614.937,647.391,127.564,113.337
917,2023-06-18 15:17:00,593.687,625.124,128.092,112.935
918,2023-06-18 15:18:00,717.441,752.721,128.582,111.491
919,2023-06-18 15:19:00,724.503,759.328,128.884,111.213
920,2023-06-18 15:20:00,717.52,752.125,129.018,112.87
921,2023-06-18 15:21:00,694.001,728.205,129.57,114.392
922,2023-06-18 15:22:00,696.597,731.957,129.644,113.62
923,2023-06-18 15:23:00,712.736,748.954,129.67,115.835
924,2023-06-18 15:24:00,722.263,758.873,129.335,118.061
925,2023-06-18 15:25:00,722.477,759.551,129.406,119.779
926,2023-06-18 15:26:00,720.663,757.637,129.72,119.954
927,2023-06-18 15:27:00,726.396,763.309,129.364,116.658
928,2023-06-18 15:28:00,727.643,764.769,129.004,115.158
929,2023-06-18 15:29:00,713.82,751.632,128.988,114.674
930,2023-06-18 15:30:00,713.741,753.467,129.221,115.955
931,2023-06-18 15:31:00,713.741,753.467,129.221,115.955
932,2023-06-18 15:32:00,727.881,768.733,130.463,119.954
933,2023-06-18 15:33:00,730.01,770.286,130.884,119.456
934,2023-06-18 15:34:00,724.873,764.353,130.844,116.389
935,2023-06-18 15:35:00,700.037,738.114,130.711,112.656
936,2023-06-18 15:36:00,676.13,713.113,130.649,113.201
937,2023-06-18 15:37:00,698.781,736.469,130.238,111.497
938,2023-06-18 15:38:00,699.995,737.695,129.99,112.749
939,2023-06-18 15:39:00,695.975,734.267,129.967,113.102
940,2023-06-18 15:40:00,692.35,730.608,129.673,112.633
941,2023-06-18 15:41:00,694.77,733.72,128.996,113.997
942,2023-06-18 15:42:00,692.556,732.057,128.613,113.444
943,2023-06-18 15:43:00,687.995,727.351,128.725,114.369
944,2023-06-18 15:44:00,688.452,727.308,129.045,115.875
945,2023-06-18 15:45:00,688.061,726.559,129.221,114.548
946,2023-06-18 15:46:00,682.791,720.992,129.5,115.151
947,2023-06-18 15:47:00,675.334,712.528,129.731,115.981
948,2023-06-18 15:48:00,676.229,713.851,129.948,117.847
949,2023-06-18 15:49:00,676.229,713.851,129.948,117.847
950,2023-06-18 15:50:00,666.014,703.106,129.224,114.096
951,2023-06-18 15:51:00,660.645,697.626,128.729,111.828
952,2023-06-18 15:52:00,673.74,711.244,128.389,111.768
953,2023-06-18 15:53:00,672.679,710.088,127.446,110.156
954,2023-06-18 15:54:00,671.415,708.542,126.377,108.419
955,2023-06-18 15:55:00,667.405,704.395,125.664,108.407
956,2023-06-18 15:56:00,662.678,699.805,124.919,107.533
957,2023-06-18 15:57:00,661.961,698.995,124.362,106.787
958,2023-06-18 15:58:00,661.616,699.155,124.125,107.048
959,2023-06-18 15:59:00,658.429,696.508,123.975,106.73
960,2023-06-18 16:00:00,654.251,692.625,124.141,108.772
961,2023-06-18 16:01:00,650.372,688.789,124.12,111.413
962,2023-06-18 16:02:00,647.903,686.401,124.289,112.956
963,2023-06-18 16:03:00,644.632,684.192,124.2,111.983
964,2023-06-18 16:04:00,638.879,678.829,123.586,111.113
965,2023-06-18 16:05:00,637.696,678.223,122.817,110.677
966,2023-06-18 16:06:00,634.759,675.416,122.272,112.055
967,2023-06-18 16:07:00,634.901,676.116,122.01,115.178
968,2023-06-18 16:08:00,634.901,676.116,122.01,115.178
969,2023-06-18 16:09:00,631.781,674.702,120.938,117.207
970,2023-06-18 16:10:00,627.641,671.743,120.447,117.357
971,2023-06-18 16:11:00,624.676,670.032,120.642,116.654
972,2023-06-18 16:12:00,619.409,664.88,121.418,117.037
973,2023-06-18 16:13:00,612.174,658.089,122.032,116.776
974,2023-06-18 16:14:00,606.748,653.156,122.24,116.548
975,2023-06-18 16:15:00,603.992,650.069,122.357,116.337
976,2023-06-18 16:16:00,599.998,646.207,122.319,112.284
977,2023-06-18 16:17:00,588.336,634.349,122.323,112.261
978,2023-06-18 16:18:00,591.546,637.619,122.606,113.033
979,2023-06-18 16:19:00,593.361,640.125,122.708,112.948
980,2023-06-18 16:20:00,591.686,638.798,122.789,113.074
981,2023-06-18 16:21:00,588.999,635.982,122.712,112.38
982,2023-06-18 16:22:00,587.151,634.473,122.342,112.716
983,2023-06-18 16:23:00,584.428,631.704,122.132,112.108
984,2023-06-18 16:24:00,579.927,626.931,121.923,111.316
985,2023-06-18 16:25:00,576.942,624.573,121.795,110.398
986,2023-06-18 16:26:00,574.355,622.451,121.805,109.62
987,2023-06-18 16:27:00,574.355,622.451,121.805,109.62
988,2023-06-18 16:28:00,567.241,613.984,121.795,110.211
989,2023-06-18 16:29:00,564.892,611.838,122.091,111.57
990,2023-06-18 16:30:00,561.85,609.136,122.195,113.035
991,2023-06-18 16:31:00,557.984,604.887,121.841,113.073
992,2023-06-18 16:32:00,555.075,602.181,121.41,112.644
993,2023-06-18 16:33:00,552.472,600.336,120.866,110.487
994,2023-06-18 16:34:00,550.312,598.562,120.496,110.422
995,2023-06-18 16:35:00,547.166,595.105,119.96,110.402
996,2023-06-18 16:36:00,545.718,594.075,119.27,108.758
997,2023-06-18 16:37:00,511.476,557.643,118.639,108.001
998,2023-06-18 16:38:00,258.156,284.484,118.077,110.187
999,2023-06-18 16:39:00,248.404,275.129,117.305,108.376
1000,2023-06-18 16:40:00,462.521,506.944,116.413,105.464
1001,2023-06-18 16:41:00,525.629,575.11,115.937,105.843
1002,2023-06-18 16:42:00,523.004,573.033,115.842,106.731
1003,2023-06-18 16:43:00,523.052,574.144,115.875,107.464
1004,2023-06-18 16:44:00,519.221,570.999,115.831,108.071
1005,2023-06-18 16:45:00,519.221,570.999,115.831,108.071
1006,2023-06-18 16:46:00,514.671,566.824,115.589,106.883
1007,2023-06-18 16:47:00,512.434,564.82,115.609,106.852
1008,2023-06-18 16:48:00,508.987,561.454,115.356,108.502
1009,2023-06-18 16:49:00,507.768,560.604,114.922,109.553
1010,2023-06-18 16:50:00,501.898,553.876,114.53,109.672
1011,2023-06-18 16:51:00,496.359,548.099,114.265,108.005
1012,2023-06-18 16:52:00,494.442,546.412,113.911,106.36
1013,2023-06-18 16:53:00,494.916,547.812,113.692,108.275
1014,2023-06-18 16:54:00,492.926,546.215,113.322,109.197
1015,2023-06-18 16:55:00,491.763,545.526,113.082,110.474
1016,2023-06-18 16:56:00,489.837,543.731,113.049,109.933
1017,2023-06-18 16:57:00,487.064,541.398,112.711,108.936
1018,2023-06-18 16:58:00,483.679,538.158,112.305,109.02
1019,2023-06-18 16:59:00,479.539,534.449,112.073,109.733
1020,2023-06-18 17:00:00,474.905,530.187,111.617,109.691
1021,2023-06-18 17:01:00,473.174,528.937,111.264,110.154
1022,2023-06-18 17:02:00,471.085,527.415,111.139,109.322
1023,2023-06-18 17:03:00,469.117,525.849,111.207,109.633
1024,2023-06-18 17:04:00,469.117,525.849,111.207,109.633
1025,2023-06-18 17:05:00,462.249,519.118,111.593,110.443
1026,2023-06-18 17:06:00,456.764,513.753,111.818,111.134
1027,2023-06-18 17:07:00,451.94,509.109,111.885,111.964
1028,2023-06-18 17:08:00,448.448,505.802,111.804,111.658
1029,2023-06-18 17:09:00,446.923,504.756,111.579,111.805
1030,2023-06-18 17:10:00,445.591,503.719,111.478,112.589
1031,2023-06-18 17:11:00,442.659,501.019,111.569,111.874
1032,2023-06-18 17:12:00,439.486,498.099,111.673,110.516
1033,2023-06-18 17:13:00,438.381,498.107,111.764,110.188
1034,2023-06-18 17:14:00,435.996,495.859,111.776,110.425
1035,2023-06-18 17:15:00,431.817,491.533,111.772,112.025
1036,2023-06-18 17:16:00,430.189,490.516,111.718,111.589
1037,2023-06-18 17:17:00,428.363,488.905,111.535,111.199
1038,2023-06-18 17:18:00,425.63,486.797,111.257,110.316
1039,2023-06-18 17:19:00,420.812,482.224,111.128,110.101
1040,2023-06-18 17:20:00,417.374,478.973,110.872,110.085
1041,2023-06-18 17:21:00,414.349,475.875,110.864,111.189
1042,2023-06-18 17:22:00,410.759,471.835,110.862,111.505
1043,2023-06-18 17:23:00,410.759,471.835,110.862,111.505
1044,2023-06-18 17:24:00,403.274,464.983,110.673,112.342
1045,2023-06-18 17:25:00,399.811,461.521,110.553,112.566
1046,2023-06-18 17:26:00,396.753,458.553,110.555,112.728
1047,2023-06-18 17:27:00,392.979,454.752,110.313,112.347
1048,2023-06-18 17:28:00,387.359,448.447,109.934,110.816
1049,2023-06-18 17:29:00,380.024,440.957,109.459,110.425
1050,2023-06-18 17:30:00,376.591,437.944,108.933,109.674
1051,2023-06-18 17:31:00,373.008,434.523,108.415,109.115
1052,2023-06-18 17:32:00,369.528,431.654,108.188,109.677
1053,2023-06-18 17:33:00,366.134,427.994,108.192,111.426
1054,2023-06-18 17:34:00,363.0,425.203,108.154,111.541
1055,2023-06-18 17:35:00,360.848,423.391,108.022,111.329
1056,2023-06-18 17:36:00,357.216,419.833,107.903,110.401
1057,2023-06-18 17:37:00,353.5,416.107,107.764,110.832
1058,2023-06-18 17:38:00,349.856,412.082,107.751,111.425
1059,2023-06-18 17:39:00,346.508,408.343,108.091,112.052
1060,2023-06-18 17:40:00,346.508,408.343,108.091,112.052
1061,2023-06-18 17:41:00,342.975,406.182,108.295,109.448
1062,2023-06-18 17:42:00,340.14,403.923,108.127,108.776
1063,2023-06-18 17:43:00,337.041,400.823,107.929,109.99
1064,2023-06-18 17:44:00,332.938,396.27,107.573,110.455
1065,2023-06-18 17:45:00,330.38,394.063,107.207,109.729
1066,2023-06-18 17:46:00,327.13,391.164,106.712,108.08
1067,2023-06-18 17:47:00,322.826,386.491,106.556,108.441
1068,2023-06-18 17:48:00,317.005,379.998,106.516,108.06
1069,2023-06-18 17:49:00,313.516,376.551,106.503,107.33
1070,2023-06-18 17:50:00,311.651,375.386,106.185,108.754
1071,2023-06-18 17:51:00,311.39,375.496,105.775,110.826
1072,2023-06-18 17:52:00,305.905,370.329,105.008,110.166
1073,2023-06-18 17:53:00,304.691,369.812,104.423,107.82
1074,2023-06-18 17:54:00,303.322,368.67,104.02,107.466
1075,2023-06-18 17:55:00,300.904,366.46,103.689,106.973
1076,2023-06-18 17:56:00,298.531,364.563,103.312,106.539
1077,2023-06-18 17:57:00,296.584,363.36,103.087,107.254
1078,2023-06-18 17:58:00,292.905,359.569,102.953,107.049
1079,2023-06-18 17:59:00,292.905,359.569,102.953,107.049
1080,2023-06-18 18:00:00,285.825,351.803,102.316,106.721
1081,2023-06-18 18:01:00,281.367,347.13,102.099,106.313
1082,2023-06-18 18:02:00,276.879,342.3,102.132,106.174
1083,2023-06-18 18:03:00,272.726,337.556,102.392,106.025
1084,2023-06-18 18:04:00,269.54,334.907,102.48,106.132
1085,2023-06-18 18:05:00,265.383,330.295,102.558,105.418
1086,2023-06-18 18:06:00,263.065,328.651,102.407,105.328
1087,2023-06-18 18:07:00,263.082,329.664,102.246,105.41
1088,2023-06-18 18:08:00,258.322,324.229,102.214,105.143
1089,2023-06-18 18:09:00,253.647,318.76,101.876,104.372
1090,2023-06-18 18:10:00,254.341,320.875,101.61,103.602
1091,2023-06-18 18:11:00,252.308,319.655,101.159,103.556
1092,2023-06-18 18:12:00,250.691,318.385,100.768,103.744
1093,2023-06-18 18:13:00,248.613,316.539,100.479,104.624
1094,2023-06-18 18:14:00,243.78,310.437,100.219,105.769
1095,2023-06-18 18:15:00,240.922,307.434,99.991,104.95
1096,2023-06-18 18:16:00,239.239,305.914,99.749,102.864
1097,2023-06-18 18:17:00,236.409,302.959,99.429,102.21
1098,2023-06-18 18:18:00,236.409,302.959,99.429,102.21
1099,2023-06-18 18:19:00,232.823,300.213,98.959,102.801
1100,2023-06-18 18:20:00,232.321,300.498,98.824,101.367
1101,2023-06-18 18:21:00,231.294,299.962,98.721,100.777
1102,2023-06-18 18:22:00,228.388,297.463,98.666,100.447
1103,2023-06-18 18:23:00,225.011,293.698,98.756,99.714
1104,2023-06-18 18:24:00,221.258,289.862,98.934,100.525
1105,2023-06-18 18:25:00,218.342,286.833,99.014,100.727
1106,2023-06-18 18:26:00,216.334,285.203,98.967,100.942
1107,2023-06-18 18:27:00,213.644,282.315,98.875,101.214
1108,2023-06-18 18:28:00,210.906,279.245,98.808,101.857
1109,2023-06-18 18:29:00,207.026,274.68,98.664,101.639
1110,2023-06-18 18:30:00,203.842,271.531,98.435,100.773
1111,2023-06-18 18:31:00,200.798,268.54,98.331,100.406
1112,2023-06-18 18:32:00,198.859,266.217,98.278,100.521
1113,2023-06-18 18:33:00,196.303,264.023,98.192,100.703
1114,2023-06-18 18:34:00,192.805,259.982,98.056,100.825
1115,2023-06-18 18:35:00,192.805,259.982,98.056,100.825
1116,2023-06-18 18:36:00,186.49,252.775,97.64,100.679
1117,2023-06-18 18:37:00,181.294,246.06,97.358,99.806
1118,2023-06-18 18:38:00,176.833,240.482,96.966,99.38
1119,2023-06-18 18:39:00,174.158,237.602,96.521,99.932
1120,2023-06-18 18:40:00,170.221,232.714,96.194,99.393
1121,2023-06-18 18:41:00,166.64,228.747,95.833,98.394
1122,2023-06-18 18:42:00,164.486,226.781,95.479,97.911
1123,2023-06-18 18:43:00,163.045,225.314,95.15,97.256
1124,2023-06-18 18:44:00,160.549,222.453,94.792,97.872
1125,2023-06-18 18:45:00,157.577,218.611,94.664,98.308
1126,2023-06-18 18:46:00,155.267,216.483,94.361,98.254
1127,2023-06-18 18:47:00,151.686,212.133,94.134,98.736
1128,2023-06-18 18:48:00,147.959,207.931,94.036,98.696
1129,2023-06-18 18:49:00,145.669,205.557,93.796,98.342
1130,2023-06-18 18:50:00,143.373,203.057,93.592,98.035
1131,2023-06-18 18:51:00,140.984,200.02,93.403,98.555
1132,2023-06-18 18:52:00,139.366,198.224,93.256,99.338
1133,2023-06-18 18:53:00,139.366,198.224,93.256,99.338
1134,2023-06-18 18:54:00,137.545,197.603,92.994,98.2
1135,2023-06-18 18:55:00,135.728,195.372,92.753,97.25
1136,2023-06-18 18:56:00,133.661,192.954,92.458,96.429
1137,2023-06-18 18:57:00,131.861,191.15,92.353,96.149
1138,2023-06-18 18:58:00,129.547,188.594,92.22,96.553
1139,2023-06-18 18:59:00,126.627,184.907,92.014,96.695
1140,2023-06-18 19:00:00,124.405,182.157,91.805,96.773
1141,2023-06-18 19:01:00,122.589,180.035,91.586,97.284
1142,2023-06-18 19:02:00,120.421,177.448,91.352,97.819
1143,2023-06-18 19:03:00,117.477,173.547,91.192,98.33
1144,2023-06-18 19:04:00,115.064,170.651,90.85,98.485
1145,2023-06-18 19:05:00,112.831,167.51,90.743,98.85
1146,2023-06-18 19:06:00,111.22,165.893,90.673,98.255
1147,2023-06-18 19:07:00,109.325,163.837,90.381,97.269
1148,2023-06-18 19:08:00,107.118,161.334,90.092,96.03
1149,2023-06-18 19:09:00,105.431,159.17,89.799,95.098
1150,2023-06-18 19:10:00,103.626,157.168,89.622,94.62
1151,2023-06-18 19:11:00,101.959,155.497,89.391,94.593
1152,2023-06-18 19:12:00,100.031,152.593,89.165,94.922
1153,2023-06-18 19:13:00,100.031,152.593,89.165,94.922
1154,2023-06-18 19:14:00,95.879,147.126,88.683,95.105
1155,2023-06-18 19:15:00,94.385,145.602,88.576,93.447
1156,2023-06-18 19:16:00,92.502,143.07,88.275,91.746
1157,2023-06-18 19:17:00,90.134,139.767,87.829,90.836
1158,2023-06-18 19:18:00,87.561,136.122,87.559,91.149
1159,2023-06-18 19:19:00,84.944,132.582,87.271,91.985
1160,2023-06-18 19:20:00,81.902,128.318,86.856,91.91
1161,2023-06-18 19:21:00,77.418,122.049,86.405,91.475
1162,2023-06-18 19:22:00,69.641,110.966,86.009,90.456
1163,2023-06-18 19:23:00,61.476,93.261,85.487,89.43
1164,2023-06-18 19:24:00,57.28,79.978,85.12,89.805
1165,2023-06-18 19:25:00,56.314,75.544,84.729,89.323
1166,2023-06-18 19:26:00,55.766,73.813,84.312,88.435
1167,2023-06-18 19:27:00,53.989,70.353,83.895,87.685
1168,2023-06-18 19:28:00,52.462,66.655,83.549,87.097
1169,2023-06-18 19:29:00,51.142,64.279,83.206,86.982
1170,2023-06-18 19:30:00,51.142,64.279,83.206,86.982
1171,2023-06-18 19:31:00,48.882,63.562,82.669,86.569
1172,2023-06-18 19:32:00,48.276,62.295,82.439,86.227
1173,2023-06-18 19:33:00,48.211,64.339,82.116,85.939
1174,2023-06-18 19:34:00,49.196,72.469,81.772,85.8
1175,2023-06-18 19:35:00,51.826,80.976,81.543,85.919
1176,2023-06-18 19:36:00,54.25,85.608,81.312,86.237
1177,2023-06-18 19:37:00,53.779,84.918,81.141,86.596
1178,2023-06-18 19:38:00,52.13,82.074,80.955,87.046
1179,2023-06-18 19:39:00,50.497,79.848,80.818,87.388
1180,2023-06-18 19:40:00,49.341,78.38,80.581,87.679
1181,2023-06-18 19:41:00,48.414,77.078,80.371,87.665
1182,2023-06-18 19:42:00,47.213,74.947,80.194,87.906
1183,2023-06-18 19:43:00,45.062,72.396,79.911,87.333
1184,2023-06-18 19:44:00,42.102,66.754,79.643,86.785
1185,2023-06-18 19:45:00,39.396,57.864,79.459,86.444
1186,2023-06-18 19:46:00,37.444,49.497,79.266,85.636
1187,2023-06-18 19:47:00,35.746,45.344,79.027,84.803
1188,2023-06-18 19:48:00,34.381,43.759,78.862,84.256
1189,2023-06-18 19:49:00,34.381,43.759,78.862,84.256
1190,2023-06-18 19:50:00,32.857,42.249,78.548,83.815
1191,2023-06-18 19:51:00,31.677,40.882,78.315,83.798
1192,2023-06-18 19:52:00,30.695,39.837,78.053,83.758
1193,2023-06-18 19:53:00,29.346,37.817,77.849,83.603
1194,2023-06-18 19:54:00,27.907,35.704,77.76,83.376
1195,2023-06-18 19:55:00,27.101,34.441,77.65,83.088
1196,2023-06-18 19:56:00,26.649,33.215,77.397,82.584
1197,2023-06-18 19:57:00,26.51,32.657,77.138,82.406
1198,2023-06-18 19:58:00,25.976,32.256,76.902,82.424
1199,2023-06-18 19:59:00,25.401,31.485,76.79,82.695
1200,2023-06-18 20:00:00,24.832,30.853,76.706,83.388
1201,2023-06-18 20:01:00,24.28,30.034,76.452,83.297
1202,2023-06-18 20:02:00,23.905,29.187,76.347,83.473
1203,2023-06-18 20:03:00,23.176,28.537,76.212,83.682
1204,2023-06-18 20:04:00,22.529,27.735,76.055,83.761
1205,2023-06-18 20:05:00,21.945,26.662,75.903,83.937
1206,2023-06-18 20:06:00,20.798,24.944,75.883,84.355
1207,2023-06-18 20:07:00,19.536,23.286,75.707,84.491
1208,2023-06-18 20:08:00,18.065,21.529,75.426,84.674
1209,2023-06-18 20:09:00,18.065,21.529,75.426,84.674
1210,2023-06-18 20:10:00,15.644,18.841,74.956,85.153
1211,2023-06-18 20:11:00,14.67,17.581,74.842,84.933
1212,2023-06-18 20:12:00,13.537,16.362,74.754,84.449
1213,2023-06-18 20:13:00,12.482,15.33,74.585,83.479
1214,2023-06-18 20:14:00,11.61,13.979,74.377,82.96
1215,2023-06-18 20:15:00,10.686,12.882,74.215,83.075
1216,2023-06-18 20:16:00,9.667,12.012,74.165,83.485
1217,2023-06-18 20:17:00,9.046,11.193,74.004,84.01
1218,2023-06-18 20:18:00,8.471,10.553,73.932,83.018
1219,2023-06-18 20:19:00,7.902,9.789,73.6,81.745
1220,2023-06-18 20:20:00,7.349,9.37,73.435,81.115
1221,2023-06-18 20:21:00,6.995,8.64,73.222,80.669
1222,2023-06-18 20:22:00,6.497,7.999,73.196,80.397
1223,2023-06-18 20:23:00,6.118,7.43,73.131,80.345
1224,2023-06-18 20:24:00,5.439,7.045,72.957,80.611
1225,2023-06-18 20:25:00,4.95,6.383,72.883,80.767
1226,2023-06-18 20:26:00,4.662,5.695,72.724,80.661
1227,2023-06-18 20:27:00,4.211,5.118,72.551,80.668
1228,2023-06-18 20:28:00,4.211,5.118,72.551,80.668
1229,2023-06-18 20:29:00,3.504,4.286,72.345,80.598
1230,2023-06-18 20:30:00,3.005,3.721,72.222,79.955
1231,2023-06-18 20:31:00,2.435,3.148,72.118,80.01
1232,2023-06-18 20:32:00,2.26,2.66,72.13,80.245
1233,2023-06-18 20:33:00,1.711,2.368,72.108,80.454
1234,2023-06-18 20:34:00,1.252,2.029,71.925,80.815
1235,2023-06-18 20:35:00,1.164,1.52,71.904,81.941
1236,2023-06-18 20:36:00,0.941,1.244,71.686,84.05
1237,2023-06-18 20:37:00,0.85,1.181,71.503,82.614
1238,2023-06-18 20:38:00,0.41,0.94,71.221,81.457
1239,2023-06-18 20:39:00,0.286,0.653,70.956,80.933
1240,2023-06-18 20:40:00,0.074,0.365,70.774,81.034
1241,2023-06-18 20:41:00,0.0,0.085,70.581,80.834
1242,2023-06-18 20:42:00,0.0,0.0,70.445,80.23
1243,2023-06-18 20:43:00,0.0,0.0,70.306,78.984
1244,2023-06-18 20:44:00,0.0,0.0,70.182,77.86
1245,2023-06-18 20:45:00,0.0,0.0,70.078,77.415
1246,2023-06-18 20:46:00,0.0,0.0,70.078,77.415
1247,2023-06-18 20:47:00,0.0,0.0,69.851,77.449
1248,2023-06-18 20:48:00,0.0,0.0,69.765,77.456
1249,2023-06-18 20:49:00,0.0,0.0,69.804,77.186
1250,2023-06-18 20:50:00,0.0,0.0,69.668,76.694
1251,2023-06-18 20:51:00,0.0,0.0,69.577,76.183
1252,2023-06-18 20:52:00,0.0,0.0,69.549,75.858
1253,2023-06-18 20:53:00,0.0,0.0,69.585,75.592
1254,2023-06-18 20:54:00,0.0,0.0,69.589,75.42
1255,2023-06-18 20:55:00,0.0,0.0,69.581,75.244
1256,2023-06-18 20:56:00,0.0,0.0,69.518,75.018
1257,2023-06-18 20:57:00,0.0,0.0,69.354,74.914
1258,2023-06-18 20:58:00,0.0,0.0,69.351,74.745
1259,2023-06-18 20:59:00,0.0,0.0,69.277,74.607
1260,2023-06-18 21:00:00,0.0,0.0,69.14,74.556
1261,2023-06-18 21:01:00,0.0,0.0,69.092,74.656
1262,2023-06-18 21:02:00,0.0,0.0,68.986,74.56
1263,2023-06-18 21:03:00,0.0,0.0,68.767,74.494
1264,2023-06-18 21:04:00,0.0,0.0,68.596,74.453
1265,2023-06-18 21:05:00,0.0,0.0,68.596,74.453
1266,2023-06-18 21:06:00,0.0,0.0,68.442,74.185
1267,2023-06-18 21:07:00,0.0,0.0,68.338,74.152
1268,2023-06-18 21:08:00,0.0,0.0,68.271,74.132
1269,2023-06-18 21:09:00,0.0,0.0,68.237,74.037
1270,2023-06-18 21:10:00,0.0,0.0,68.193,73.796
1271,2023-06-18 21:11:00,0.0,0.0,68.217,73.752
1272,2023-06-18 21:12:00,0.0,0.0,68.086,73.96
1273,2023-06-18 21:13:00,0.0,0.0,68.142,74.022
1274,2023-06-18 21:14:00,0.0,0.0,68.118,73.88
1275,2023-06-18 21:15:00,0.0,0.0,68.153,73.867
1276,2023-06-18 21:16:00,0.0,0.0,68.156,73.95
1277,2023-06-18 21:17:00,0.0,0.0,68.117,74.036
1278,2023-06-18 21:18:00,0.0,0.0,68.103,73.984
1279,2023-06-18 21:19:00,0.0,0.0,68.069,73.933
1280,2023-06-18 21:20:00,0.0,0.0,68.123,73.879
1281,2023-06-18 21:21:00,0.0,0.0,68.093,73.857
1282,2023-06-18 21:22:00,0.0,0.0,68.082,73.896
1283,2023-06-18 21:23:00,0.0,0.0,68.082,73.896
1284,2023-06-18 21:24:00,0.0,0.0,68.215,74.026
1285,2023-06-18 21:25:00,0.0,0.0,68.284,74.105
1286,2023-06-18 21:26:00,0.0,0.0,68.399,74.178
1287,2023-06-18 21:27:00,0.0,0.0,68.416,74.244
1288,2023-06-18 21:28:00,0.0,0.0,68.412,74.362
1289,2023-06-18 21:29:00,0.0,0.0,68.472,74.469
1290,2023-06-18 21:30:00,0.0,0.0,68.461,74.562
1291,2023-06-18 21:31:00,0.0,0.0,68.518,74.563
1292,2023-06-18 21:32:00,0.0,0.0,68.461,74.63
1293,2023-06-18 21:33:00,0.0,0.0,68.519,74.638
1294,2023-06-18 21:34:00,0.0,0.0,68.462,74.779
1295,2023-06-18 21:35:00,0.0,0.0,68.521,74.766
1296,2023-06-18 21:36:00,0.0,0.0,68.497,74.803
1297,2023-06-18 21:37:00,0.0,0.0,68.41,74.84
1298,2023-06-18 21:38:00,0.0,0.0,68.418,74.802
1299,2023-06-18 21:39:00,0.0,0.0,68.399,74.76
1300,2023-06-18 21:40:00,0.0,0.0,68.38,74.749
1301,2023-06-18 21:41:00,0.0,0.0,68.38,74.846
1302,2023-06-18 21:42:00,0.0,0.0,68.38,74.846
1303,2023-06-18 21:43:00,0.0,0.0,68.241,74.885
1304,2023-06-18 21:44:00,0.0,0.0,68.226,74.844
1305,2023-06-18 21:45:00,0.0,0.0,68.199,74.807
1306,2023-06-18 21:46:00,0.0,0.0,68.268,74.86
1307,2023-06-18 21:47:00,0.0,0.0,68.27,74.919
1308,2023-06-18 21:48:00,0.0,0.0,68.295,75.031
1309,2023-06-18 21:49:00,0.0,0.0,68.383,75.132
1310,2023-06-18 21:50:00,0.0,0.0,68.439,75.299
1311,2023-06-18 21:51:00,0.0,0.0,68.47,75.266
1312,2023-06-18 21:52:00,0.0,0.0,68.401,75.236
1313,2023-06-18 21:53:00,0.0,0.0,68.421,75.259
1314,2023-06-18 21:54:00,0.0,0.0,68.398,75.29
1315,2023-06-18 21:55:00,0.0,0.0,68.469,75.298
1316,2023-06-18 21:56:00,0.0,0.0,68.57,75.322
1317,2023-06-18 21:57:00,0.0,0.0,68.6,75.353
1318,2023-06-18 21:58:00,0.0,0.0,68.6,75.321
1319,2023-06-18 21:59:00,0.0,0.0,68.6,75.317
1320,2023-06-18 22:00:00,0.0,0.0,68.6,75.317
1321,2023-06-18 22:01:00,0.0,0.0,68.545,75.261
1322,2023-06-18 22:02:00,0.0,0.0,68.521,75.282
1323,2023-06-18 22:03:00,0.0,0.0,68.511,75.263
1324,2023-06-18 22:04:00,0.0,0.0,68.491,75.251
1325,2023-06-18 22:05:00,0.0,0.0,68.369,75.229
1326,2023-06-18 22:06:00,0.0,0.0,68.302,75.268
1327,2023-06-18 22:07:00,0.0,0.0,68.233,75.471
1328,2023-06-18 22:08:00,0.0,0.0,68.257,75.827
1329,2023-06-18 22:09:00,0.0,0.0,68.249,76.125
1330,2023-06-18 22:10:00,0.0,0.0,68.417,76.414
1331,2023-06-18 22:11:00,0.0,0.0,68.541,76.675
1332,2023-06-18 22:12:00,0.0,0.0,68.675,76.871
1333,2023-06-18 22:13:00,0.0,0.0,68.67,76.933
1334,2023-06-18 22:14:00,0.0,0.0,68.695,76.913
1335,2023-06-18 22:15:00,0.0,0.0,68.709,76.81
1336,2023-06-18 22:16:00,0.0,0.0,68.675,76.703
1337,2023-06-18 22:17:00,0.0,0.0,68.722,76.647
1338,2023-06-18 22:18:00,0.0,0.0,68.825,76.615
1339,2023-06-18 22:19:00,0.0,0.0,68.825,76.615
1340,2023-06-18 22:20:00,0.0,0.0,68.923,76.623
1341,2023-06-18 22:21:00,0.0,0.0,69.047,76.605
1342,2023-06-18 22:22:00,0.0,0.0,69.129,76.62
1343,2023-06-18 22:23:00,0.0,0.0,69.095,76.533
1344,2023-06-18 22:24:00,0.0,0.0,69.108,76.504
1345,2023-06-18 22:25:00,0.0,0.0,69.122,76.425
1346,2023-06-18 22:26:00,0.0,0.0,69.037,76.371
1347,2023-06-18 22:27:00,0.0,0.0,68.989,76.274
1348,2023-06-18 22:28:00,0.0,0.0,68.971,76.283
1349,2023-06-18 22:29:00,0.0,0.0,68.89,76.261
1350,2023-06-18 22:30:00,0.0,0.0,68.87,76.256
1351,2023-06-18 22:31:00,0.0,0.0,68.824,76.246
1352,2023-06-18 22:32:00,0.0,0.0,68.735,76.119
1353,2023-06-18 22:33:00,0.0,0.0,68.705,75.987
1354,2023-06-18 22:34:00,0.0,0.0,68.597,75.998
1355,2023-06-18 22:35:00,0.0,0.0,68.618,76.085
1356,2023-06-18 22:36:00,0.0,0.0,68.687,76.182
1357,2023-06-18 22:37:00,0.0,0.0,68.59,76.26
1358,2023-06-18 22:38:00,0.0,0.0,68.59,76.26
1359,2023-06-18 22:39:00,0.0,0.0,68.646,76.139
1360,2023-06-18 22:40:00,0.0,0.0,68.689,76.081
1361,2023-06-18 22:41:00,0.0,0.0,68.656,76.074
1362,2023-06-18 22:42:00,0.0,0.0,68.639,76.155
1363,2023-06-18 22:43:00,0.0,0.0,68.602,76.089
1364,2023-06-18 22:44:00,0.0,0.0,68.623,76.071
1365,2023-06-18 22:45:00,0.0,0.0,68.683,76.01
1366,2023-06-18 22:46:00,0.0,0.0,68.611,75.955
1367,2023-06-18 22:47:00,0.0,0.0,68.6,75.948
1368,2023-06-18 22:48:00,0.0,0.0,68.595,75.937
1369,2023-06-18 22:49:00,0.0,0.0,68.553,75.846
1370,2023-06-18 22:50:00,0.0,0.0,68.505,75.925
1371,2023-06-18 22:51:00,0.0,0.0,68.53,76.101
1372,2023-06-18 22:52:00,0.0,0.0,68.547,76.273
1373,2023-06-18 22:53:00,0.0,0.0,68.615,76.412
1374,2023-06-18 22:54:00,0.0,0.0,68.655,76.421
1375,2023-06-18 22:55:00,0.0,0.0,68.716,76.451
1376,2023-06-18 22:56:00,0.0,0.0,68.716,76.451
1377,2023-06-18 22:57:00,0.0,0.0,68.813,76.351
1378,2023-06-18 22:58:00,0.0,0.0,68.895,76.388
1379,2023-06-18 22:59:00,0.0,0.0,68.929,76.303
1380,2023-06-18 23:00:00,0.0,0.0,68.929,76.219
1381,2023-06-18 23:01:00,0.0,0.0,68.929,76.141
1382,2023-06-18 23:02:00,0.0,0.0,68.918,76.17
1383,2023-06-18 23:03:00,0.0,0.0,68.898,76.142
1384,2023-06-18 23:04:00,0.0,0.0,68.95,76.232
1385,2023-06-18 23:05:00,0.0,0.0,68.846,76.347
1386,2023-06-18 23:06:00,0.0,0.0,68.857,76.376
1387,2023-06-18 23:07:00,0.0,0.0,68.789,76.282
1388,2023-06-18 23:08:00,0.0,0.0,68.802,76.253
1389,2023-06-18 23:09:00,0.0,0.0,68.743,76.204
1390,2023-06-18 23:10:00,0.0,0.0,68.824,76.161
1391,2023-06-18 23:11:00,0.0,0.0,68.8,76.064
1392,2023-06-18 23:12:00,0.0,0.0,68.696,76.103
1393,2023-06-18 23:13:00,0.0,0.0,68.719,76.213
1394,2023-06-18 23:14:00,0.0,0.0,68.765,76.164
1395,2023-06-18 23:15:00,0.0,0.0,68.765,76.164
1396,2023-06-18 23:16:00,0.0,0.0,68.647,76.04
1397,2023-06-18 23:17:00,0.0,0.0,68.709,76.08
1398,2023-06-18 23:18:00,0.0,0.0,68.692,75.996
1399,2023-06-18 23:19:00,0.0,0.0,68.671,75.978
1400,2023-06-18 23:20:00,0.0,0.0,68.695,76.038
1401,2023-06-18 23:21:00,0.0,0.0,68.647,76.012
1402,2023-06-18 23:22:00,0.0,0.0,68.613,75.991
1403,2023-06-18 23:23:00,0.0,0.0,68.642,76.004
1404,2023-06-18 23:24:00,0.0,0.0,68.619,75.96
1405,2023-06-18 23:25:00,0.0,0.0,68.688,75.985
1406,2023-06-18 23:26:00,0.0,0.0,68.669,76.063
1407,2023-06-18 23:27:00,0.0,0.0,68.698,76.062
1408,2023-06-18 23:28:00,0.0,0.0,68.711,76.098
1409,2023-06-18 23:29:00,0.0,0.0,68.747,76.051
1410,2023-06-18 23:30:00,0.0,0.0,68.764,76.128
1411,2023-06-18 23:31:00,0.0,0.0,68.732,76.27
1412,2023-06-18 23:32:00,0.0,0.0,68.77,76.325
1413,2023-06-18 23:33:00,0.0,0.0,68.77,76.325
1414,2023-06-18 23:34:00,0.0,0.0,68.795,76.154
1415,2023-06-18 23:35:00,0.0,0.0,68.787,76.14
1416,2023-06-18 23:36:00,0.0,0.0,68.8,76.095
1417,2023-06-18 23:37:00,0.0,0.0,68.766,76.031
1418,2023-06-18 23:38:00,0.0,0.0,68.721,75.957
1419,2023-06-18 23:39:00,0.0,0.0,68.594,75.884
1420,2023-06-18 23:40:00,0.0,0.0,68.581,75.907
1421,2023-06-18 23:41:00,0.0,0.0,68.687,76.033
1422,2023-06-18 23:42:00,0.0,0.0,68.668,76.175
1423,2023-06-18 23:43:00,0.0,0.0,68.685,76.207
1424,2023-06-18 23:44:00,0.0,0.0,68.567,76.127
1425,2023-06-18 23:45:00,0.0,0.0,68.504,76.027
1426,2023-06-18 23:46:00,0.0,0.0,68.532,75.891
1427,2023-06-18 23:47:00,0.0,0.0,68.547,75.948
1428,2023-06-18 23:48:00,0.0,0.0,68.582,76.029
1429,2023-06-18 23:49:00,0.0,0.0,68.566,76.028
1430,2023-06-18 23:50:00,0.0,0.0,68.611,75.976
1431,2023-06-18 23:51:00,0.0,0.0,68.685,76.043
1432,2023-06-18 23:52:00,0.0,0.0,68.685,76.043
1433,2023-06-18 23:53:00,0.0,0.0,68.841,76.138
1434,2023-06-18 23:54:00,0.0,0.0,68.884,76.119
1435,2023-06-18 23:55:00,0.0,0.0,68.82,76.132
1436,2023-06-18 23:56:00,0.0,0.0,68.854,76.142
1437,2023-06-18 23:57:00,0.0,0.0,68.957,76.158
1438,2023-06-18 23:58:00,0.0,0.0,69.009,76.251
1439,2023-06-18 23:59:00,0.0,0.0,69.009,76.251
