Time,Current NG (RMS) (RMS),Current NG (RMS),Current AN (RMS) (RMS),Current AN (RMS),Current LineToNeutralAverage (RMS),Current BN (RMS),Current CN (RMS),Current AN (TotalTHD),Current BN (TotalTHD),Current CN (TotalTHD),Power Total (S),Power Total (Q),Power Total (P),Voltage AN (TotalTHD),Voltage BN (TotalTHD),Voltage CN (TotalTHD),Voltage AN (FlkrPLT),Voltage BN (FlkrPLT),Voltage BN (FlkrPST),Voltage CN (FlkrPLT),Voltage CN (FlkrPST),Voltage AN (FlkrPST),Voltage AN (RMS),Voltage BN (RMS),Voltage CN (RMS),Voltage LineToNeutralAverage (RMS)
00:00.0,0,0.09705566614866257,0,0.13355706632137299,0.1456907093524933,0.12419374287128448,0.17932158708572388,35.86204147338867,41.71437454223633,25.754297256469727,5689.6562576293945,-5263.91077041626,2159.467935562134,1.7782542705535889,1.8313652276992798,1.9928898811340332,0.3312474191188812,0.33813896775245667,0.5365231037139893,0.3298342823982239,0.5342574715614319,0.5440430641174316,14021.9970703125,13996.5498046875,14008.5830078125,14009.0244140625
00:15.0,0,0.09657491743564606,0,0.1335885226726532,0.1457536667585373,0.12444287538528442,0.1792294979095459,37.62342834472656,41.68852233886719,26.211801528930664,5691.094875335693,-5265.6755447387695,2158.9677333831787,1.7861614227294922,1.8339548110961914,1.971838116645813,0.3312474191188812,0.33813896775245667,0.18825256824493408,0.3298342823982239,0.22321817278862,0.2016582041978836,14023.365234375,14000.384765625,14005.5693359375,14009.763671875
00:30.0,0,0.09743240475654602,0,0.13362085819244385,0.14587730169296265,0.1244969293475151,0.17951425909996033,37.68939208984375,41.58393096923828,26.00296974182129,5698.728084564209,-5266.942977905273,2175.9183406829834,1.777387022972107,1.8357239961624146,1.9770503044128418,0.3312474191188812,0.33813896775245667,0.1012418270111084,0.3298342823982239,0.09902162849903107,0.08280639350414276,14064.6884765625,14034.65625,14040.646484375,14046.6669921875
00:45.0,0,0.09588640928268433,0,0.1339045763015747,0.14585083723068237,0.12464232742786407,0.17900539934635162,37.96800994873047,42.670501708984375,26.251039505004883,5702.690124511719,-5272.47428894043,2172.9350090026855,1.7767397165298462,1.8281452655792236,1.9924014806747437,0.3312474191188812,0.33813896775245667,0.12362300604581833,0.3298342823982239,0.1158432736992836,0.12337702512741089,14064.734375,14027.5986328125,14035.9033203125,14042.736328125
01:00.0,132,0.09532903879880905,132,0.13368552923202515,0.14581401646137238,0.12502352893352509,0.1787329465150833,38.04463195800781,42.062408447265625,26.4155216217041,5697.723388671875,-5270.893096923828,2163.7122631073,1.7796190977096558,1.8234044313430786,1.9608285427093506,0.3312474191188812,0.33813896775245667,0.12920184433460236,0.3298342823982239,0.11858177930116653,0.1259085237979889,14032.73046875,14002.029296875,14007.8564453125,14014.212890625
01:15.0,3,0.09464462846517563,3,0.13398337364196777,0.14589139819145203,0.12490159273147583,0.1787891685962677,36.417579650878906,40.58073806762695,25.55636978149414,5698.078155517578,-5272.504806518555,2160.7234477996826,1.7820520401000977,1.816382646560669,1.9578391313552856,0.3312474191188812,0.33813896775245667,0.3924359381198883,0.3298342823982239,0.43706730008125305,0.5023667216300964,14024.4140625,13988.3857421875,13998.3095703125,14003.6953125
01:30.0,0,0.09572006016969681,0,0.1336991935968399,0.14596043527126312,0.12517298758029938,0.17900922894477844,35.99720001220703,40.30792236328125,25.555891036987305,5710.323333740234,-5282.435417175293,2168.785333633423,1.771004319190979,1.820773959159851,1.9569871425628662,0.428921639919281,0.43932753801345825,0.6284551620483398,0.4443491995334625,0.6670374870300293,0.526098370552063,14039.638671875,14016.029296875,14015.9765625,14023.8779296875
01:45.0,0,0.09484218806028366,0,0.13420172035694122,0.1459808200597763,0.12471120059490204,0.17902928590774536,36.6848258972168,41.91101837158203,25.907251358032227,5716.433048248291,-5290.824890136719,2164.421319961548,1.7673490047454834,1.8667975664138794,1.9563536643981934,0.428921639919281,0.43932753801345825,0.5389028787612915,0.4443491995334625,0.5896461606025696,0.5059677362442017,14014.53125,13993.2421875,13993.5419921875,14000.4501953125
02:00.0,8,0.09621663391590118,8,0.134377583861351,0.1462002396583557,0.12467365711927414,0.1795494705438614,36.409019470214844,41.1092529296875,26.143783569335938,5743.017196655273,-5316.098213195801,2172.858715057373,1.7887771129608154,1.8326163291931152,1.9828951358795166,0.428921639919281,0.43932753801345825,0.2618723213672638,0.4443491995334625,0.28341659903526306,0.2590089440345764,14028.73046875,14011.0703125,14012.3388671875,14017.380859375
02:15.0,7,0.0959295928478241,7,0.13463197648525238,0.1462269425392151,0.1243244856595993,0.17972393333911896,35.597530364990234,39.96205139160156,25.22495460510254,5746.160507202148,-5318.153381347656,2176.1324405670166,1.764404535293579,1.83999764919281,1.9961055517196655,0.428921639919281,0.43932753801345825,0.34083622694015503,0.4443491995334625,0.344484806060791,0.3777110278606415,14049.859375,14018.34765625,14037.6357421875,14035.28125
02:30.0,0,0.09453828632831573,0,0.13463523983955383,0.1461343765258789,0.12459726631641388,0.1791706681251526,34.622169494628906,40.50482940673828,25.562623977661133,5738.6908531188965,-5313.567161560059,2167.5963401794434,1.7634942531585693,1.8385661840438843,1.999335527420044,0.428921639919281,0.43932753801345825,0.6017886400222778,0.4443491995334625,0.5764345526695251,0.5968549251556396,14024.5966796875,13999.0263671875,14005.5322265625,14009.7236328125
02:45.0,0,0.09672540426254272,0,0.13396291434764862,0.14624246954917908,0.12476098537445068,0.1800033301115036,35.42278289794922,39.40673065185547,24.43022918701172,5728.578567504883,-5300.996780395508,2171.6320514678955,1.7642848491668701,1.8473016023635864,1.9740259647369385,0.428921639919281,0.43932753801345825,0.663406252861023,0.4443491995334625,0.5832604169845581,0.6008011698722839,14014.244140625,14000.685546875,14005.65234375,14006.857421875
03:00.0,140,0.09737328439950943,140,0.13423383235931396,0.1464463323354721,0.1248888373374939,0.18021580576896667,35.04296112060547,39.38066101074219,24.937063217163086,5757.779598236084,-5329.040050506592,2180.2148818969727,1.7794688940048218,1.861447811126709,1.9596046209335327,0.428921639919281,0.43932753801345825,0.22106415033340454,0.4443491995334625,0.20392966270446777,0.20239987969398499,14053.1015625,14024.71484375,14036.013671875,14037.935546875
03:15.0,10,0.09708403050899506,10,0.13446301221847534,0.1464371234178543,0.12491326779127121,0.17993520200252533,35.898780822753906,40.86368179321289,25.5191707611084,5763.3209228515625,-5335.312366485596,2179.511070251465,1.7688851356506348,1.83799409866333,2.011230230331421,0.428921639919281,0.43932753801345825,0.12638992071151733,0.4443491995334625,0.1165257915854454,0.12172277271747589,14041.3330078125,14022.8154296875,14017.029296875,14027.056640625
03:30.0,0,0.09735838323831558,0,0.134022057056427,0.1465027928352356,0.1253650188446045,0.180121049284935,34.12314987182617,39.78099060058594,24.99756622314453,5760.326385498047,-5336.651802062988,2168.290615081787,1.7745600938796997,1.8467813730239868,1.9884222745895386,0.428921639919281,0.43932753801345825,0.3330219089984894,0.4443491995334625,0.3436432182788849,0.3504815995693207,14009.1474609375,13997.421875,13991.779296875,13999.44140625
03:45.0,0,0.09837405383586884,0,0.13425545394420624,0.14672128856182098,0.1254272609949112,0.18048107624053955,34.53535842895508,38.14978790283203,24.2645263671875,5785.654067993164,-5359.926700592041,2178.26771736145,1.7529938220977783,1.8384596109390259,1.9892232418060303,0.428921639919281,0.43932753801345825,0.6011450886726379,0.4443491995334625,0.6387636065483093,0.6061019897460938,14049.6982421875,14031.4912109375,14029.0556640625,14036.7470703125
04:00.0,16,0.09599649906158447,16,0.13436217606067657,0.1464543342590332,0.12526753544807434,0.1797330528497696,33.86345672607422,38.832096099853516,25.031911849975586,5762.302875518799,-5337.062835693359,2172.5034713745117,1.7415156364440918,1.8308050632476807,1.9780466556549072,0.428921639919281,0.43932753801345825,0.5478399395942688,0.4443491995334625,0.5472508072853088,0.5255708694458008,14030.3056640625,14004.40625,14008.4248046875,14014.3798828125
04:15.0,14,0.09604313969612122,14,0.1339438259601593,0.1462630331516266,0.125013530254364,0.17983148992061615,37.18394088745117,40.47866439819336,25.32939910888672,5728.201389312744,-5296.925067901611,2180.56058883667,1.7550593614578247,1.831801176071167,2.003326892852783,0.428921639919281,0.43932753801345825,0.30416637659072876,0.4443491995334625,0.28837311267852783,0.2910110056400299,14030.626953125,14001.55078125,14008.671875,14013.62890625
04:30.0,0,0.09551579505205154,0,0.13427412509918213,0.14646871387958527,0.12523426115512848,0.17989802360534668,36.19308853149414,38.50690841674805,23.685529708862305,5757.282257080078,-5331.007957458496,2174.060583114624,1.7805067300796509,1.8432793617248535,1.9871447086334229,0.4484720230102539,0.46264490485191345,0.16834618151187897,0.4592590928077698,0.1667926013469696,0.18657223880290985,14031.8251953125,14007.9765625,14011.2607421875,14017.0185546875
04:45.0,0,0.0957798957824707,0,0.13404080271720886,0.1464187651872635,0.12540897727012634,0.1798066943883896,34.8739128112793,37.81569290161133,23.769100189208984,5744.021892547607,-5317.2502517700195,2172.6694107055664,1.818314790725708,1.887174129486084,1.9750936031341553,0.4484720230102539,0.46264490485191345,0.6125673055648804,0.4592590928077698,0.6903387308120728,0.5984315872192383,14021.6201171875,14003.07421875,13998.8203125,14007.83203125
05:00.0,148,0.09469728916883469,148,0.1342114955186844,0.146506205201149,0.12563753128051758,0.1796698123216629,34.47990417480469,37.84024429321289,23.6688232421875,5759.280681610107,-5338.193893432617,2161.695957183838,1.785589575767517,1.882259726524353,2.00909423828125,0.4484720230102539,0.46264490485191345,0.5379048585891724,0.4592590928077698,0.5410465002059937,0.5276795029640198,13982.94921875,13970.5517578125,13965.359375,13972.9609375
05:15.0,17,0.09518852829933167,17,0.1348094940185547,0.1466062217950821,0.1248321533203125,0.18017704784870148,34.456607818603516,37.58229446411133,24.077489852905273,5773.340702056885,-5349.964618682861,2170.0875759124756,1.819597601890564,1.8935801982879639,2.014605760574341,0.4484720230102539,0.46264490485191345,0.3812696933746338,0.4592590928077698,0.427603155374527,0.38138607144355774,14023.201171875,13999.15234375,14003.3662109375,14008.5751953125
05:30.0,0,0.09591776877641678,0,0.1338394284248352,0.14633814990520477,0.12539324164390564,0.17978151142597198,35.454795837402344,37.090370178222656,22.99610137939453,5733.068943023682,-5302.745819091797,2179.213762283325,1.7936789989471436,1.875191330909729,2.0105977058410645,0.4484720230102539,0.46264490485191345,0.15126170217990875,0.4592590928077698,0.14396199584007263,0.14896515011787415,14019.275390625,14005.16015625,14002.9921875,14009.1513671875
05:45.0,0,0.09620949625968933,0,0.13396002352237701,0.14656323194503784,0.12558352947235107,0.18014633655548096,35.547664642333984,38.05826187133789,23.845001220703125,5752.795696258545,-5327.280044555664,2171.309232711792,1.8137110471725464,1.8778119087219238,2.0156795978546143,0.4484720230102539,0.46264490485191345,0.18636345863342285,0.4592590928077698,0.17415964603424072,0.18919196724891663,14006.359375,13990.087890625,13989.3896484375,13995.287109375
06:00.0,24,0.09567180275917053,24,0.13446640968322754,0.14666196703910828,0.12528178095817566,0.1802377700805664,34.99363708496094,36.20704650878906,23.066701889038086,5756.507396697998,-5327.808380126953,2179.8436641693115,1.8225940465927124,1.8987698554992676,1.9879555702209473,0.4484720230102539,0.46264490485191345,0.6190153360366821,0.4592590928077698,0.633378803730011,0.5898045897483826,14040.853515625,14014.7373046875,14013.9091796875,14023.1591796875
06:15.0,21,0.09590345621109009,21,0.13453273475170135,0.1466478705406189,0.12497201561927795,0.18043911457061768,36.014801025390625,39.24627685546875,24.788639068603516,5756.218910217285,-5330.3022384643555,2172.9941368103027,1.8227102756500244,1.851953148841858,2.0265259742736816,0.4484720230102539,0.46264490485191345,0.5960645079612732,0.4592590928077698,0.5991519093513489,0.5999017357826233,14010.76953125,13995.662109375,14001.4013671875,14002.615234375
06:30.0,0,0.09584414213895798,0,0.13395681977272034,0.14654888212680817,0.1254263073205948,0.18026335537433624,36.40637969970703,37.60965347290039,24.30695343017578,5744.85445022583,-5319.04935836792,2170.4893112182617,1.8114957809448242,1.8395088911056519,1.9763754606246948,0.4484720230102539,0.46264490485191345,0.37399768829345703,0.4592590928077698,0.3398699164390564,0.3378082811832428,14006.658203125,13994.8310546875,13992.873046875,13998.1162109375
06:45.0,0,0.09486668556928635,0,0.13467459380626678,0.146653950214386,0.12538914382457733,0.17989809811115265,35.795860290527344,38.98965835571289,24.914342880249023,5766.207218170166,-5340.614795684814,2174.1366386413574,1.7442315816879272,1.8623275756835938,2.006544828414917,0.4484720230102539,0.46264490485191345,0.2414715588092804,0.4592590928077698,0.25148507952690125,0.24433867633342743,14036.36328125,14015.7373046875,14005.978515625,14019.3623046875
07:00.0,156,0.09499076008796692,156,0.13490711152553558,0.14669813215732574,0.1250370293855667,0.1801495999097824,35.4470329284668,39.552001953125,24.984432220458984,5768.4526443481445,-5343.669891357422,2172.584056854248,1.7754597663879395,1.8576112985610962,1.9728893041610718,0.4484720230102539,0.46264490485191345,0.6042953729629517,0.4592590928077698,0.5759711861610413,0.5482139587402344,14020.509765625,14006.4423828125,13998.8447265625,14008.595703125
07:15.0,24,0.09488272666931152,24,0.13455574214458466,0.14660340547561646,0.12518911063671112,0.18006540834903717,33.725833892822266,36.20954895019531,23.770029067993164,5758.946895599365,-5334.33198928833,2170.295000076294,1.7885187864303589,1.835824728012085,1.977461814880371,0.4484720230102539,0.46264490485191345,0.6387709379196167,0.4592590928077698,0.557520866394043,0.5246422290802002,14010.990234375,13996.8837890625,13991.115234375,13999.6591796875
07:30.0,0,0.09391405433416367,0,0.13450376689434052,0.1464828997850418,0.12527549266815186,0.17966915667057037,33.94442367553711,36.999019622802734,24.09894561767578,5746.949672698975,-5320.189476013184,2173.2401847839355,1.7812297344207764,1.8382463455200195,1.972686529159546,0.48683401942253113,0.5140600800514221,0.5673316121101379,0.5128183960914612,0.5381065607070923,0.55874103307724,14022.8857421875,13994.904296875,14001.52734375,14006.44921875
07:45.0,0,0.09451965987682343,0,0.13388822972774506,0.14638274908065796,0.12589576840400696,0.1793641895055771,34.8438606262207,37.12601089477539,24.36561393737793,5727.965831756592,-5297.532081604004,2178.455114364624,1.7780927419662476,1.8319388628005981,1.9539085626602173,0.48683401942253113,0.5140600800514221,0.19282247126102448,0.5128183960914612,0.178092822432518,0.1851111203432083,14016.482421875,14001.1318359375,13991.5322265625,14003.0556640625
08:00.0,32,0.0945388674736023,32,0.13439983129501343,0.14650678634643555,0.12527617812156677,0.17984403669834137,35.418148040771484,38.82071304321289,24.860214233398438,5743.289947509766,-5314.51940536499,2177.4191856384277,1.792443037033081,1.8600960969924927,2.0011727809906006,0.48683401942253113,0.5140600800514221,0.44613149762153625,0.5128183960914612,0.491366446018219,0.5292484164237976,14020.9130859375,14004.962890625,14001.607421875,14009.1513671875
08:15.0,28,0.09523794054985046,28,0.1347532719373703,0.14668668806552887,0.1250143051147461,0.18029214441776276,35.497310638427734,38.87307357788086,25.033109664916992,5757.424354553223,-5326.511383056641,2185.4517459869385,1.785598874092102,1.8540959358215332,1.9629117250442505,0.48683401942253113,0.5140600800514221,0.6233027577400208,0.5128183960914612,0.563493013381958,0.6942147612571716,14050.255859375,14025.1748046875,14033.2373046875,14036.2421875
08:30.0,0,0.0952424705028534,0,0.13442613184452057,0.1466391682624817,0.12535762786865234,0.1801338642835617,35.34321212768555,37.64923095703125,23.84841537475586,5749.98140335083,-5320.153713226318,2181.314706802368,1.7908272743225098,1.8371926546096802,1.9342107772827148,0.48683401942253113,0.5140600800514221,0.496503621339798,0.5128183960914612,0.5244553685188293,0.5410090684890747,14028.5,14011.908203125,14007.9365234375,14016.12890625
08:45.0,0,0.0952804684638977,0,0.1337834596633911,0.14653411507606506,0.1259234994649887,0.17989550530910492,35.46391296386719,37.91219711303711,24.176342010498047,5739.6111488342285,-5309.062957763672,2181.0462474823,1.7772479057312012,1.8247425556182861,1.9499398469924927,0.48683401942253113,0.5140600800514221,0.18490688502788544,0.5128183960914612,0.1734832227230072,0.18227379024028778,14017.81640625,14006.3544921875,14004.89453125,14009.6875
09:00.0,164,0.09584259986877441,164,0.13434326648712158,0.14672264456748962,0.12530003488063812,0.18052467703819275,36.356346130371094,38.96649932861328,25.482473373413086,5761.393070220947,-5334.349155426025,2176.748037338257,1.808774471282959,1.8515950441360474,1.984183669090271,0.48683401942253113,0.5140600800514221,0.12027227878570557,0.5128183960914612,0.11689353734254837,0.12951600551605225,14014.296875,14002.515625,14000.580078125,14005.806640625
09:15.0,31,0.09402400255203247,31,0.13484637439250946,0.14669206738471985,0.12524932622909546,0.1799801141023636,33.4963493347168,39.24513626098633,24.973648071289062,5760.869026184082,-5334.897041320801,2174.0334033966064,1.7671862840652466,1.8433644771575928,1.987255334854126,0.48683401942253113,0.5140600800514221,0.6456899642944336,0.5128183960914612,0.5644196271896362,0.610528826713562,14015.27734375,13994.8740234375,13995.4248046875,14001.8623046875
09:30.0,0,0.09411244839429855,0,0.13424915075302124,0.14653423428535461,0.1255844384431839,0.17976894974708557,34.46217346191406,38.635921478271484,24.836849212646484,5734.846591949463,-5307.851791381836,2171.398639678955,1.7798012495040894,1.835998296737671,1.9839574098587036,0.48683401942253113,0.5140600800514221,0.4933503568172455,0.5128183960914612,0.4637007415294647,0.5300304889678955,13988.765625,13975.009765625,13976.646484375,13980.15234375
09:45.0,0,0.0946265459060669,0,0.13438130915164948,0.1466764211654663,0.12566860020160675,0.17997917532920837,35.91099166870117,39.59683609008789,25.60035514831543,5743.155479431152,-5316.1492347717285,2173.0833053588867,1.7404268980026245,1.7896347045898438,1.9320404529571533,0.48683401942253113,0.5140600800514221,0.1770668476819992,0.5128183960914612,0.17257706820964813,0.17636588215827942,14005.72265625,13992.3359375,13986.5048828125,13994.86328125
10:00.0,40,0.09334203600883484,40,0.13408271968364716,0.1464659571647644,0.1257779598236084,0.1795373409986496,36.10715103149414,39.4429817199707,25.481956481933594,5712.599277496338,-5283.870220184326,2171.1838245391846,1.7569886445999146,1.8410003185272217,1.94568932056427,0.48683401942253113,0.5140600800514221,0.1784610152244568,0.5128183960914612,0.17033343017101288,0.19456081092357635,13976.7333984375,13959.7744140625,13957.4228515625,13964.650390625
10:15.0,35,0.0916685238480568,35,0.1342155486345291,0.14632107317447662,0.12567254900932312,0.1790749430656433,34.718658447265625,36.55058288574219,24.109825134277344,5708.819389343262,-5287.683963775635,2151.95894241333,1.7922139167785645,1.8059756755828857,1.9734302759170532,0.48683401942253113,0.5140600800514221,0.6406785845756531,0.5128183960914612,0.5249890685081482,0.5503650903701782,13941.96484375,13921.765625,13921.9345703125,13928.544921875
10:30.0,0,0.09151460975408554,0,0.1341135948896408,0.14632830023765564,0.12591740489006042,0.17895422875881195,34.03369903564453,37.54417419433594,24.163726806640625,5715.583324432373,-5294.280052185059,2153.7044048309326,1.7540233135223389,1.8336994647979736,1.9694225788116455,0.48313137888908386,0.467416912317276,0.45367664098739624,0.4455687999725342,0.5571492314338684,0.5210785269737244,13951.734375,13931.1796875,13925.896484375,13936.2578125
10:45.0,0,0.09329037368297577,0,0.13384556770324707,0.14642077684402466,0.12577420473098755,0.1796429306268692,34.580474853515625,38.03660583496094,25.050649642944336,5727.338790893555,-5306.379318237305,2155.1525592803955,1.7790125608444214,1.8328653573989868,1.9702585935592651,0.48313137888908386,0.467416912317276,0.2502833306789398,0.4455687999725342,0.2234906554222107,0.23252399265766144,13941.0146484375,13921.646484375,13920.912109375,13927.8701171875
11:00.0,172,0.09293454140424728,172,0.133819118142128,0.14636418223381042,0.1258462816476822,0.17942744493484497,36.47698974609375,39.61421585083008,26.04297637939453,5725.188255310059,-5304.105281829834,2155.0276279449463,1.801688551902771,1.8307454586029053,1.9783169031143188,0.48313137888908386,0.467416912317276,0.13564947247505188,0.4455687999725342,0.13998353481292725,0.1501029133796692,13947.2880859375,13934.7470703125,13934.39453125,13938.80859375
11:15.0,38,0.09222988784313202,38,0.13370153307914734,0.1461988389492035,0.12564197182655334,0.17925316095352173,34.67133331298828,37.49583053588867,25.313823699951172,5698.336601257324,-5272.330760955811,2161.7634296417236,1.7840802669525146,1.8126912117004395,1.9502276182174683,0.48313137888908386,0.467416912317276,0.6211398243904114,0.4455687999725342,0.6700144410133362,0.6297350525856018,13954.6953125,13933.658203125,13939.6875,13942.6689453125
11:30.0,0,0.09138257056474686,0,0.13429579138755798,0.1462804526090622,0.12544962763786316,0.1790960133075714,35.338035583496094,39.272621154785156,25.869802474975586,5718.252658843994,-5296.300888061523,2155.778169631958,1.7435603141784668,1.816917061805725,1.952785611152649,0.48313137888908386,0.467416912317276,0.518621027469635,0.4455687999725342,0.588370144367218,0.5404561758041382,13935.541015625,13918.47265625,13921.66796875,13925.2255859375
11:45.0,0,0.09124976396560669,0,0.13399159908294678,0.14611570537090302,0.1253766566514969,0.1789785623550415,36.05926513671875,39.80424880981445,25.834402084350586,5690.074920654297,-5265.736103057861,2156.127452850342,1.750892996788025,1.8116745948791504,1.9523988962173462,0.48313137888908386,0.467416912317276,0.4970107078552246,0.4455687999725342,0.5906828045845032,0.5418691039085388,13934.107421875,13914.369140625,13918.6337890625,13922.376953125
12:00.0,48,0.09184498339891434,48,0.13405604660511017,0.14623379707336426,0.1256456822156906,0.17899984121322632,35.798866271972656,39.6589469909668,25.980571746826172,5706.318378448486,-5281.486511230469,2160.515785217285,1.7642908096313477,1.7966548204421997,1.9664989709854126,0.48313137888908386,0.467416912317276,0.17637448012828827,0.4455687999725342,0.16208340227603912,0.17324112355709076,13955.8037109375,13942.609375,13935.2236328125,13944.537109375
12:15.0,42,0.09269416332244873,42,0.13347579538822174,0.14583523571491241,0.12584491074085236,0.1781853437423706,36.05521774291992,39.94638442993164,26.074235916137695,5721.121788024902,-5291.4886474609375,2175.1301288604736,1.7862517833709717,1.8700120449066162,2.000148296356201,0.48313137888908386,0.467416912317276,0.07702518999576569,0.4455687999725342,0.07672086358070374,0.07897238433361053,14015.9609375,13994.9892578125,13988.7041015625,13999.8876953125
12:30.0,0,0.09367965906858444,0,0.19267940521240234,0.19817636907100677,0.18550920486450195,0.2163405567407608,34.35054016113281,39.883060455322266,25.811681747436523,4067.7847862243652,-2260.899066925049,1196.8458890914917,1.8103413581848145,1.838233470916748,1.9917702674865723,0.48313137888908386,0.467416912317276,0.41142773628234863,0.4455687999725342,0.4542597532272339,0.45373472571372986,14029.455078125,14015.888671875,14023.2451171875,14022.8662109375
12:45.0,0,0.09500357508659363,0,0.6626946926116943,0.6569461822509766,0.6530814170837402,0.655062735080719,33.86190414428711,38.50128173828125,25.16840171813965,14862.199783325195,6389.17875289917,-12006.651878356934,1.7662733793258667,1.8456813097000122,1.9606746435165405,0.48313137888908386,0.467416912317276,0.6699479818344116,0.4455687999725342,0.617814302444458,0.5436338782310486,14065.4609375,14058.248046875,14048.787109375,14057.505859375
13:00.0,180,0.09551995992660522,180,1.2964892387390137,1.2699860334396362,1.243701696395874,1.2697702646255493,35.835941314697266,39.20756912231445,25.644058227539062,45483.07800292969,8193.406105041504,-44731.693267822266,1.768775463104248,1.8441988229751587,1.9701318740844727,0.48313137888908386,0.467416912317276,0.6882479190826416,0.4455687999725342,0.6868605017662048,0.6608705520629883,14034.201171875,14034.7236328125,14029.5732421875,14032.833984375
13:15.0,45,0.0951281264424324,45,2.194014549255371,2.165541410446167,2.1336538791656494,2.1689577102661133,35.17287063598633,37.17008590698242,24.416107177734375,86152.99224853516,7912.192344665527,-85707.0083618164,1.7446975708007812,1.8483755588531494,1.9630770683288574,0.48313137888908386,0.467416912317276,0.28721997141838074,0.4455687999725342,0.34631094336509705,0.3332064151763916,14041.701171875,14033.1376953125,14037.2197265625,14037.3525390625
13:30.0,0,0.09245195984840393,0,5.027667999267578,5.003228664398193,4.969823360443115,5.0121941566467285,34.913124084472656,38.56781768798828,25.40475082397461,208962.82958984375,7652.776718139648,-208808.8836669922,1.7476003170013428,1.8343011140823364,1.9579174518585205,0.4604559540748596,0.4704441726207733,0.14950332045555115,0.491769403219223,0.14148692786693573,0.1511944681406021,14076.521484375,14055.8330078125,14060.3525390625,14064.234375
13:45.0,0,0.09511252492666245,0,6.400050640106201,6.377634048461914,6.346133708953857,6.386711597442627,33.515018463134766,37.334434509277344,24.833293914794922,267277.4353027344,8162.049293518066,-267119.3542480469,1.832131266593933,1.8492929935455322,1.9873340129852295,0.4604559540748596,0.4704441726207733,0.6494357585906982,0.491769403219223,0.539197564125061,0.6427540183067322,14070.5078125,14060.498046875,14056.5546875,14062.5224609375
14:00.0,56,0.09540767967700958,56,4.613348007202148,4.5920867919921875,4.561764717102051,4.601146221160889,34.807315826416016,39.05501937866211,25.822675704956055,191420.22705078125,8082.709312438965,-191223.29711914062,1.789422869682312,1.8115991353988647,1.9688537120819092,0.4604559540748596,0.4704441726207733,0.5709943771362305,0.491769403219223,0.5166985392570496,0.5712032914161682,14050.6025390625,14038.7900390625,14044.583984375,14044.666015625
14:15.0,49,0.0958278551697731,49,5.89619779586792,5.875988483428955,5.843228816986084,5.8885345458984375,35.13390350341797,38.60297775268555,25.749784469604492,246001.5411376953,7825.290203094482,-245867.08068847656,1.7883532047271729,1.8382035493850708,1.954340934753418,0.4604559540748596,0.4704441726207733,0.5508155226707458,0.491769403219223,0.56883704662323,0.5643064379692078,14064.349609375,14045.283203125,14054.45703125,14054.68359375
14:30.0,0,0.09519947320222855,0,7.840465545654297,7.82155704498291,7.788466453552246,7.835756778717041,35.396331787109375,39.496009826660156,26.307445526123047,327762.39013671875,9149.564743041992,-327630.9509277344,1.759426474571228,1.8228745460510254,1.9752707481384277,0.4604559540748596,0.4704441726207733,0.20379315316677094,0.491769403219223,0.1868496835231781,0.19993644952774048,14055.7734375,14027.845703125,14040.296875,14041.3037109375
14:45.0,0,0.1020868718624115,0,19.05129623413086,19.05947494506836,19.03725242614746,19.089874267578125,36.4810676574707,40.33025360107422,26.373184204101562,802980.46875,24353.98292541504,-802601.1352539062,1.7825160026550293,1.8277417421340942,1.988539457321167,0.4604559540748596,0.4704441726207733,0.22867795825004578,0.491769403219223,0.23823605477809906,0.22525441646575928,14075.7333984375,14047.6162109375,14052.279296875,14058.556640625
15:00.0,188,0.10681501030921936,188,22.940013885498047,22.960216522216797,22.95111083984375,22.98957061767578,34.96451950073242,37.488616943359375,25.65076446533203,968863.76953125,31767.738342285156,-968329.7119140625,1.775375247001648,1.8419123888015747,1.9680898189544678,0.4604559540748596,0.4704441726207733,0.5747842192649841,0.491769403219223,0.6298521757125854,0.6304203271865845,14089.5732421875,14061.716796875,14081.732421875,14077.6689453125
15:15.0,52,0.11431480944156647,52,27.445877075195312,27.472768783569336,27.467708587646484,27.504703521728516,34.79837417602539,38.72698211669922,26.10260009765625,1159829.345703125,42464.786529541016,-1159028.4423828125,1.7762539386749268,1.8371680974960327,1.9677866697311401,0.4604559540748596,0.4704441726207733,0.5574779510498047,0.491769403219223,0.5341861844062805,0.5387160778045654,14093.3076171875,14068.3125,14084.22265625,14081.9501953125
15:30.0,0,0.11355924606323242,0,18.19918441772461,18.208539962768555,18.196653366088867,18.229780197143555,35.50869369506836,39.02639389038086,26.0679874420166,769030.8837890625,27595.542907714844,-768503.41796875,1.8640356063842773,1.8741518259048462,1.9532777070999146,0.4604559540748596,0.4704441726207733,0.5224499702453613,0.491769403219223,0.5324021577835083,0.5879696011543274,14102.216796875,14072.6025390625,14087.9013671875,14087.564453125
15:45.0,0,0.11810499429702759,0,23.327816009521484,23.345123291015625,23.33307647705078,23.37444305419922,35.15959930419922,35.8961181640625,24.173446655273438,986770.5688476562,36968.03665161133,-986042.1752929688,1.8717663288116455,1.8729875087738037,1.9875149726867676,0.4604559540748596,0.4704441726207733,0.16197709739208221,0.491769403219223,0.1485140472650528,0.15407930314540863,14109.412109375,14080.7607421875,14088.5986328125,14092.916015625
16:00.0,64,0.12483469396829605,64,28.56656265258789,28.588632583618164,28.57872200012207,28.620563507080078,34.37659454345703,36.63841247558594,24.4622745513916,1209039.6728515625,51552.95181274414,-1207892.4560546875,1.8253158330917358,1.8338024616241455,1.9568636417388916,0.4604559540748596,0.4704441726207733,0.5759817361831665,0.491769403219223,0.5538724064826965,0.5103086829185486,14111.87890625,14095.0732421875,14104.2470703125,14103.73046875
16:15.0,56,0.12409364432096481,56,25.81319808959961,25.832172393798828,25.821041107177734,25.862241744995117,33.803470611572266,37.18386459350586,24.84596824645996,1093554.0771484375,40625.16403198242,-1092749.1455078125,1.7974592447280884,1.8437808752059937,1.9924083948135376,0.4604559540748596,0.4704441726207733,0.5551002621650696,0.491769403219223,0.5597171783447266,0.526945173740387,14133.0087890625,14101.7314453125,14116.970703125,14117.2333984375
16:30.0,0,0.1296517699956894,0,33.38328170776367,33.41180419921875,33.40065002441406,33.451534271240234,34.9259147644043,37.82236099243164,24.995710372924805,1416499.8779296875,64043.40362548828,-1415034.5458984375,1.8183884620666504,1.8082020282745361,1.9976962804794312,0.5139334201812744,0.5094350576400757,0.4057094156742096,0.5014711618423462,0.4830436706542969,0.43946120142936707,14153.619140625,14130.0478515625,14135.587890625,14139.7490234375
16:45.0,0,0.12815506756305695,0,28.26780128479004,28.29021644592285,28.27690887451172,28.325937271118164,36.37449264526367,38.88291549682617,25.915119171142578,1197494.9951171875,51303.611755371094,-1196356.689453125,1.8203930854797363,1.8381638526916504,1.9708627462387085,0.5139334201812744,0.5094350576400757,0.19500912725925446,0.5014711618423462,0.18242572247982025,0.19087529182434082,14133.8857421875,14106.240234375,14107.263671875,14115.791015625
17:00.0,196,0.12945176661014557,196,30.732975006103516,30.758026123046875,30.746395111083984,30.794721603393555,35.85320281982422,38.83042907714844,25.69751739501953,1302116.3330078125,58518.84841918945,-1300766.7236328125,1.8242677450180054,1.8385244607925415,1.9617892503738403,0.5139334201812744,0.5094350576400757,0.4803001284599304,0.5014711618423462,0.47595515847206116,0.40659621357917786,14141.5966796875,14108.357421875,14112.857421875,14120.9296875
17:15.0,59,0.12751425802707672,59,20.572357177734375,20.579259872436523,20.555517196655273,20.60993194580078,32.334651947021484,35.94536209106445,24.56400489807129,870926.3916015625,25093.097686767578,-870538.330078125,1.8131462335586548,1.8096755743026733,1.9570002555847168,0.5139334201812744,0.5094350576400757,0.5239564776420593,0.5014711618423462,0.49633461236953735,0.5094743967056274,14139.2802734375,14114.912109375,14115.873046875,14123.3486328125
17:30.0,0,0.1326293796300888,0,31.258581161499023,31.279735565185547,31.262500762939453,31.318145751953125,34.89264678955078,38.91972732543945,26.149892807006836,1325109.86328125,60393.97430419922,-1323691.7724609375,1.813202142715454,1.7915509939193726,1.9889957904815674,0.5139334201812744,0.5094350576400757,0.595435619354248,0.5014711618423462,0.5651748776435852,0.5789069533348083,14146.3212890625,14115.05078125,14124.419921875,14128.5986328125
17:45.0,0,0.12918011844158173,0,19.8300724029541,19.837139129638672,19.814985275268555,19.86639404296875,36.54928970336914,39.7287712097168,26.723873138427734,840114.1967773438,27400.577545166016,-839655.8227539062,1.814487338066101,1.848989725112915,1.9673502445220947,0.5139334201812744,0.5094350576400757,0.1715376079082489,0.5014711618423462,0.1657252013683319,0.1711086928844452,14147.16796875,14123.0234375,14124.203125,14131.4580078125
18:00.0,72,0.1253041923046112,72,14.880880355834961,14.879045486450195,14.851632118225098,14.904648780822754,35.29485321044922,38.74385070800781,26.03531265258789,628727.294921875,16178.735733032227,-628515.2587890625,1.8045594692230225,1.8370119333267212,1.9783848524093628,0.5139334201812744,0.5094350576400757,0.49230340123176575,0.5014711618423462,0.511819064617157,0.48153048753738403,14123.859375,14102.08203125,14105.484375,14110.4765625
18:15.0,63,0.1289213001728058,63,23.558956146240234,23.568754196166992,23.54475212097168,23.6025447845459,36.23092269897461,39.83095932006836,26.0334529876709,997176.5747070312,35695.48797607422,-996513.7939453125,1.8826173543930054,1.8673956394195557,1.9912177324295044,0.5139334201812744,0.5094350576400757,0.595613956451416,0.5014711618423462,0.6237982511520386,0.5391464829444885,14130.009765625,14105.0068359375,14111.0087890625,14115.34375
18:30.0,0,0.12430591136217117,0,14.062118530273438,14.061174392700195,14.036229133605957,14.085176467895508,31.894365310668945,37.222293853759766,23.53766632080078,595101.4404296875,13540.4691696167,-594942.4438476562,1.8167412281036377,1.8603906631469727,1.9771555662155151,0.5139334201812744,0.5094350576400757,0.6309875845909119,0.5014711618423462,0.6324800848960876,0.6354010105133057,14154.8779296875,14126.60546875,14132.056640625,14137.8486328125
18:45.0,0,0.12297903001308441,0,11.533452987670898,11.527125358581543,11.500307083129883,11.547597885131836,32.356910705566406,40.17064666748047,24.775745391845703,487825.0732421875,11151.5531539917,-487695.7702636719,1.8526690006256104,1.8604192733764648,1.9944204092025757,0.5139334201812744,0.5094350576400757,0.29074376821517944,0.5014711618423462,0.27341213822364807,0.30089372396469116,14160.15625,14136.1669921875,14141.751953125,14146.0185546875
19:00.0,204,0.12024077028036118,204,7.478308200836182,7.464381694793701,7.436333656311035,7.47850227355957,152.61485290527344,166.9514617919922,173.4581298828125,314779.1442871094,7714.904308319092,-314682.0068359375,1.756818175315857,1.7944133281707764,1.999477505683899,0.5139334201812744,0.5094350576400757,0.1816856563091278,0.5014711618423462,0.17967484891414642,0.19559119641780853,14147.09765625,14129.7509765625,14126.1318359375,14134.3291015625
19:15.0,66,0.11784585565328598,66,6.879302501678467,6.864048957824707,6.8361310958862305,6.876711845397949,47.278465270996094,48.841243743896484,50.58941650390625,288810.2111816406,7680.003643035889,-288706.35986328125,1.8255789279937744,1.8226858377456665,2.0140745639801025,0.5139334201812744,0.5094350576400757,0.6966935992240906,0.5014711618423462,0.6044158935546875,0.6258254051208496,14124.78125,14109.52734375,14108.953125,14114.4228515625
19:30.0,0,0.11676418036222458,0,9.07271671295166,9.058740615844727,9.027750968933105,9.075763702392578,43.34504318237305,44.159584045410156,46.06374740600586,381835.9375,9040.260314941406,-381724.7009277344,1.8159294128417969,1.798985481262207,1.9781595468521118,0.4805743396282196,0.5130839943885803,0.5769757032394409,0.4970075488090515,0.5594722628593445,0.4955606162548065,14119.7109375,14107.083984375,14104.2119140625,14110.333984375
19:45.0,0,0.12005458772182465,0,15.041328430175781,15.037117958068848,15.007930755615234,15.062098503112793,20.2477970123291,21.142547607421875,21.721765518188477,636378.1127929688,16940.89126586914,-636133.6059570312,1.8279192447662354,1.811946153640747,1.971367597579956,0.4805743396282196,0.5130839943885803,0.5159329175949097,0.4970075488090515,0.5213522911071777,0.46790361404418945,14147.361328125,14128.0986328125,14131.3857421875,14135.6142578125
20:00.0,80,0.12426720559597015,80,16.655498504638672,16.655561447143555,16.631271362304688,16.679895401000977,12.316287994384766,12.773701667785645,12.433168411254883,707074.8901367188,21161.54670715332,-706745.4833984375,1.8263784646987915,1.8286880254745483,2.0237538814544678,0.4805743396282196,0.5130839943885803,0.2062520831823349,0.4970075488090515,0.1934589296579361,0.21099543571472168,14188.3896484375,14169.80078125,14162.9306640625,14173.705078125
20:15.0,70,0.11823442578315735,70,8.887275695800781,8.872730255126953,8.844449996948242,8.88645076751709,10.541107177734375,10.923700332641602,10.719072341918945,374761.5966796875,9564.001083374023,-374635.92529296875,1.8144829273223877,1.80735445022583,1.9469959735870361,0.4805743396282196,0.5130839943885803,0.5383535623550415,0.4970075488090515,0.5668830871582031,0.5274913311004639,14155.171875,14134.1962890625,14140.21484375,14143.193359375
20:30.0,0,0.1227826252579689,0,17.47788429260254,17.476102828979492,17.448801040649414,17.501583099365234,7.955109119415283,8.30512523651123,8.301133155822754,742005.0659179688,18689.52751159668,-741764.5263671875,1.8318791389465332,1.8521358966827393,1.948084831237793,0.4805743396282196,0.5130839943885803,0.587734580039978,0.4970075488090515,0.5634134411811829,0.4881640672683716,14188.09765625,14164.1015625,14167.3232421875,14173.17578125
20:45.0,0,0.12271725386381149,0,12.4035062789917,12.392633438110352,12.362881660461426,12.411520004272461,4.669328212738037,4.85400390625,4.817511081695557,525893.06640625,14260.456085205078,-525691.1010742188,1.8207367658615112,1.800689458847046,1.9580847024917603,0.4805743396282196,0.5130839943885803,0.5958072543144226,0.4970075488090515,0.629932701587677,0.6483638882637024,14198.0556640625,14184.7001953125,14180.0625,14187.6103515625
21:00.0,212,0.12010937929153442,212,4.469805717468262,4.443744659423828,4.4082932472229,4.453134536743164,13.75727367401123,14.641711235046387,14.647051811218262,186674.2401123047,8387.728691101074,-186453.46069335938,1.8029735088348389,1.8095066547393799,1.9615328311920166,0.4805743396282196,0.5130839943885803,0.231013685464859,0.4970075488090515,0.20320174098014832,0.21098628640174866,14201.001953125,14192.5263671875,14179.1337890625,14190.87890625
21:15.0,73,0.1164904311299324,73,8.443742752075195,8.4181489944458,8.377150535583496,8.433563232421875,4.625173091888428,4.78964376449585,4.9312744140625,355247.37548828125,8481.586456298828,-355143.1884765625,1.7921960353851318,1.7957029342651367,1.9667963981628418,0.4805743396282196,0.5130839943885803,0.1559208333492279,0.4970075488090515,0.1501784771680832,0.1615222841501236,14147.08984375,14140.8056640625,14127.6044921875,14138.5087890625
21:30.0,0,0.11370498687028885,0,5.196542739868164,5.167293071746826,5.127469539642334,5.177860260009766,9.870652198791504,10.131077766418457,10.3878755569458,217142.79174804688,7307.498455047607,-217014.0380859375,1.7738713026046753,1.764923095703125,1.9214659929275513,0.4805743396282196,0.5130839943885803,0.5788137316703796,0.4970075488090515,0.6293577551841736,0.5921796560287476,14156.1162109375,14147.921875,14136.107421875,14146.7197265625
21:45.0,0,0.11222643405199051,0,2.973933696746826,2.946157932281494,2.9101948738098145,2.954340934753418,4.38723087310791,4.500340461730957,4.63339900970459,122150.37536621094,7651.75724029541,-121897.17102050781,1.7292274236679077,1.748534083366394,1.929480791091919,0.4805743396282196,0.5130839943885803,0.5220727324485779,0.4970075488090515,0.4923315942287445,0.513321578502655,14146.1796875,14130.525390625,14119.8046875,14132.1748046875
22:00.0,88,0.11426293104887009,88,1.3771231174468994,1.3538317680358887,1.3264005184173584,1.3579705953598022,2.777949571609497,2.876126289367676,3.056560754776001,51066.314697265625,8259.053230285645,-50316.33758544922,1.7737535238265991,1.7329490184783936,1.9235596656799316,0.4805743396282196,0.5130839943885803,0.40077459812164307,0.4970075488090515,0.3630889356136322,0.4238027036190033,14142.6513671875,14129.751953125,14119.353515625,14130.5908203125
22:15.0,77,0.11431962251663208,77,0.8144915103912354,0.8015280365943909,0.7896690964698792,0.8004233241081238,2.4760091304779053,2.6403656005859375,2.727997303009033,21038.64860534668,8681.22673034668,-19004.365921020508,1.7422921657562256,1.7269011735916138,1.8866512775421143,0.4805743396282196,0.5130839943885803,0.19711288809776306,0.4970075488090515,0.1836436539888382,0.19168058037757874,14120.9873046875,14109.619140625,14103.6455078125,14111.4130859375
22:30.0,0,0.11009111255407333,0,0.5585926175117493,0.5568711161613464,0.5502929091453552,0.56172776222229,2.345308780670166,2.5040032863616943,2.5858304500579834,9728.053092956543,6817.172527313232,-4614.403247833252,1.7438106536865234,1.7230440378189087,1.8934149742126465,0.4716276228427887,0.4788194000720978,0.5607366561889648,0.489500492811203,0.5972872376441956,0.5557841658592224,14094.228515625,14081.28515625,14078.4326171875,14084.6513671875
22:45.0,0,0.09923987835645676,0,0.1290743350982666,0.14238235354423523,0.1256960779428482,0.17237646877765656,2.1583783626556396,2.267838478088379,2.4032647609710693,5422.329425811768,-4957.884788513184,2103.7864685058594,1.7312921285629272,1.6809474229812622,1.8571745157241821,0.4716276228427887,0.4788194000720978,0.6137028932571411,0.489500492811203,0.5704101324081421,0.4815140664577484,14083.9052734375,14072.876953125,14066.7451171875,14074.5
23:00.0,220,0.09993807226419449,220,0.13281604647636414,0.1457928568124771,0.1251206398010254,0.1794419139623642,1.9275509119033813,2.0897035598754883,2.247607946395874,5730.739116668701,-5294.540882110596,2192.931890487671,1.7532808780670166,1.6863514184951782,1.8919371366500854,0.4716276228427887,0.4788194000720978,0.36558252573013306,0.489500492811203,0.35720083117485046,0.3621765971183777,14088.95703125,14073.830078125,14069.828125,14077.52734375
23:15.0,80,0.0983918234705925,80,0.13305175304412842,0.1459101289510727,0.12530460953712463,0.17937396466732025,2.0257790088653564,2.1989545822143555,2.2818121910095215,5699.615478515625,-5258.852481842041,2197.735548019409,1.7250773906707764,1.6972782611846924,1.8802160024642944,0.4716276228427887,0.4788194000720978,0.2374502569437027,0.489500492811203,0.22810491919517517,0.238693967461586,14083.6826171875,14063.4228515625,14062.5078125,14069.869140625
23:30.0,0,0.09844451397657394,0,0.13290180265903473,0.14591901004314423,0.12533193826675415,0.17952370643615723,1.9378174543380737,2.0710582733154297,2.170464038848877,5674.0570068359375,-5229.706287384033,2201.140880584717,1.7669836282730103,1.6722418069839478,1.8822531700134277,0.4716276228427887,0.4788194000720978,0.6069650650024414,0.489500492811203,0.5575805306434631,0.5470250844955444,14082.52734375,14061.3212890625,14064.9873046875,14069.6142578125
23:45.0,0,0.09854201972484589,0,0.13327772915363312,0.14604483544826508,0.1250322163105011,0.1798245906829834,1.9652254581451416,2.0750842094421387,2.1814019680023193,5699.805736541748,-5260.009288787842,2195.4116821289062,1.735164999961853,1.6801180839538574,1.8706507682800293,0.4716276228427887,0.4788194000720978,0.502135694026947,0.489500492811203,0.5694169998168945,0.48818129301071167,14082.2841796875,14054.8515625,14060.4853515625,14065.87890625
